phone,brand,ram,internal_storage,battery,main_camera,front_camera,display,price
Itel A49 Play 4G,itel,2,32,4000,5,5,6.3,8599
Infinix Smart 8 4G,Infinix,3,64,5000,13,8,6.6,14999
Xiaomi 13 Ultra 5G,Xiaomi,16,512,5000,50,32,6.73,132499
Tecno Pop 8,Tecno,3,64,5000,13,8,6.6,14299
Realme C53,Realme,6,128,5000,50,8,6.74,25399
Itel A48 4G,itel,2,32,3000,5,5,6,9899
Xiaomi Redmi 13C,Xiaomi,8,256,5000,50,8,6.74,23099
Xiaomi Redmi 13C,Xiaomi,4,128,5000,50,8,6.74,18299
Tecno Pop 8,Tecno,4,128,5000,13,8,6.6,15000
Xiaomi 13T 5G,Xiaomi,12,256,5000,50,20,6.67,78999
Samsung Galaxy Z Flip 5,Samsung,8,512,3700,12,10,3.7,129999
Samsung Galaxy s23 Ultra 5G,Samsung,8,256,5000,200,12,6,148499
Xiaomi Redmi 13C,Xiaomi,6,128,5000,50,8,6.6,18599
Tecno Spark 20,Tecno,4,128,5000,50,32,6.6,17599
Tecno Spark 20,Tecno,8,256,5000,50,32,6.6,23299
Itel S23+,itel,8,128,5000,50,8,6.6,25699
Itel A05s 4G,itel,2,32,4000,5,5,6.6,10699
Itel Vision 5 4G,itel,3,32,5000,8,5,6.6,9699
Itel Vision 5 4G,itel,4,64,5000,8,5,6.6,9299
Vivo V29E,Vivo,8,256,4800,64,50,6.67,49999
Vivo V29,Vivo,12,256,4600,64,50,6.7,63299
Itel A18s,itel,2,32,3020,5,2,5.5,8599
Oneplus Open,OnePlus,16,512,4805,48,20,7,285999
Samsung Galaxy S23 FE,Samsung,8,128,4500,50,10,6.4,96099
Samsung Galaxy S23 FE,Samsung,8,256,4500,50,10,6.4,107899
Sony Xperia 5V,Sony,8,256,5000,48,12,6,135699
ZTE Nubia Z50s Pro ,ZTE,8,256,4500,50,10,6.4,109999
Apple Iphone 15 Plus,Apple,6,128,4383,48,12,6.7,185699
Apple Iphone 15 Plus,Apple,6,256,4383,48,12,6.7,250199
Apple Iphone 15 Pro,Apple,8,128,,48,12,6,200599
Itel A70 4G,itel,3,128,5000,13,8,6.6,13699
Samsung Galaxy M34 5G,Samsung,6,128,6000,50,13,6.5,40299
Huawei Nova Y61,Huawei,4,128,5000,50,5,6.52,32099
Oppo A58 4G,OPPO,8,128,5000,50,8,6.72,30199
Oppo A58 4G,OPPO,6,128,5000,50,8,6.72,26899
Itel A49 4G,itel,2,32,4000,5,5,6.6,9999
Xiaomi Redmi 12C,Xiaomi,6,128,5000,50,5,6.7,23999
Apple Iphone 15 Pro,Apple,8,256,,48,12,6,236999
Apple Iphone 15 Pro Max,Apple,8,256,,48,12,6.7,235299
Apple Iphone 15,Apple,6,128,,48,12,6,142599
Apple Iphone 15 Pro Max,Apple,8,512,,48,12,6.7,320999
Apple i SE 3 2022,Apple,4,256,2018,12,7,4.7,98599
Samsung Galaxy A34 5G,Samsung,8,128,5000,48,13,6.6,48999
Apple Iphone 15,Apple,6,256,,48,12,6,199999
Apple Iphone 15 Pro,Apple,8,512,,48,12,6,317999
Vivo Y02t 4G,Vivo,4,64,5000,8,5,6.5,19899
Apple Iphone 15 Pro Max ,Apple,8,,,48,12,6.7,360999
Xtigi V50,Xtigi,2,64,5000,8,8,6.5,9399
ZTE Red Magic 8s Pro,ZTE,12,256,6000,50,16,6,115699
ZTE Red Magic 8s Pro,ZTE,16,512,6000,50,16,6,147899
Asus zenfone 10 5G,Asus,8,256,4300,50,32,5.92,112399
Google Pixel Fold,Google Pixel,12,256,4821,48,8,7.6,300999
Asus Rog 7 Pro 5G,Asus,16,512,6000,50,32,6.7,186999
Xtigi V25,Xtigi,2,64,4000,8,8,5.7,9999
Asus zenfone 10 5G,Asus,16,512,4300,50,32,5.92,150999
OnePlus Nord CE 3,OnePlus,12,256,5000,50,,6.7,59999
Motorola Razr 2022 5g,Motorola,12,512,3500,50,32,6.7,160999
Oppo A78,OPPO,8,256,5000,50,8,6.43,34299
Oppo Reno 10 5G,OPPO,8,256,5000,64,32,6.7,60999
Oppo Reno 10 Pro 5G,OPPO,12,256,4600,50,32,6.7,70999
Itel A60s 4G,itel,4,128,5000,8,5,6.6,15299
Xiaomi Redmi,Xiaomi,3,64,5000,8,5,6.52,15399
Samsung Galaxy M14 5G,Samsung,6,128,6000,50,13,6.6,32999
Infinix Note 30,Infinix,8,256,5000,64,16,6.7,32999
Amazon fire HD 10 10.1 Kids Tablet,Amazon,3,32,,5,2,,26799
Xiaomi Poco F5 Pro,Xiaomi,12,256,5160,64,16,6.67,79999
Infinix Note 30 Pro,Infinix,8,256,5000,108,16,6.7,37899
OnePlus Ace 2,OnePlus,12,256,5000,50,16,6.74,70199
Huawei Nova 11i,Huawei,8,128,5000,48,16,6,43299
Huawei Nova Y61,Huawei,4,64,5000,50,5,6.52,27599
Xiaomi 13 Ultra 5G,Xiaomi,12,256,5000,50,32,6.73,160299
Oppo Find N2 Flip 5G,OPPO,8,256,4300,50,32,6,130699
Xiaomi Pad 6  Only,Xiaomi,8,256,8840,13,8,,65299
OnePlus Nord 3 5G,OnePlus,16,256,5000,50,,6.74,70299
OnePlus Nord 3 5G,OnePlus,8,128,5000,50,,6.74,66199
Xiaomi Poco F5 Pro,Xiaomi,12,512,5160,64,16,6.67,83699
Samsung Galaxy A14,Samsung,6,128,5000,50,13,6.6,35999
Tecno Spark 10 5G,Tecno,8,256,5000,50,8,6.6,28599
Infinix Hot 30,Infinix,8,256,5000,50,8,6.7,24699
Vivo V27e 4G,Vivo,8,256,4600,64,32,6.62,38399
Xtigi A20c,Xtigi,2,32,5000,8,8,6.5,9499
Vivo V27 5G,Vivo,8,256,4600,50,50,6.7,59699
Infinix Hot 30 Play,Infinix,8,128,6000,16,8,6,20999
Xiaomi Redmi A2+,Xiaomi,2,32,5000,8,5,6.52,14399
Xiaomi Redmi Note 12s,Xiaomi,8,256,5000,108,12,6.43,37699
Asus Rog 7 5G,Asus,16,,6000,50,32,6.7,124599
Xiaomi Poco F5,Xiaomi,12,256,5000,64,16,6.67,60299
Realme C55,Realme,6,128,5000,64,8,6.72,29599
Nokia X30,Nokia,8,256,4200,50,16,6.43,69999
OnePlus Pad 11.61 ,OnePlus,8,128,9510,8,13,,65399
Samsung Galaxy A34 5G,Samsung,8,256,5000,48,13,6.6,53699
Google Pixel 7A,Google Pixel,8,128,4385,64,13,6,75499
Itel P40 4G,itel,4,64,6000,13,5,6.6,13599
Xiaomi Redmi Note 12,Xiaomi,4,128,5000,50,13,6.67,26599
Tecno Phantom V Fold 5G,Tecno,12,256,5000,50,16,7,149999
Realme C30s,Realme,3,64,5000,8,5,6.5,15999
Realme C33,Realme,4,128,5000,50,5,6.5,23999
Tecno Phantom V Fold 5G,Tecno,12,512,5000,50,16,7,149999
Samsung Galaxy A54 5G,Samsung,8,256,5000,50,32,6.4,69899
Xiaomi 13 Pro 5G,Xiaomi,12,256,4820,50,32,6.73,134699
OnePlus Nord CE 3 Lite 5G,OnePlus,8,128,5000,108,,6.72,38499
ZTE Nubia Z50 Ultra 5G,ZTE,12,512,5000,64,16,6,112599
Vivo Y22 4G,Vivo,4,128,5000,50,8,6.55,26899
Itel A04 3G,itel,2,32,4000,5,5,6.3,10299
Xiaomi Redmi Note 12,Xiaomi,8,128,5000,50,13,6.67,33999
Realme C55,Realme,8,256,5000,64,8,6.72,30999
Tecno Spark 10,Tecno,8,128,5000,50,8,6.6,19699
Oppo Pad Air 10.36 ,OPPO,4,64,7100,5,8,,35699
Realme 10,Realme,8,256,5000,50,16,6.4,37699
Xiaomi Redmi Note 12,Xiaomi,6,128,5000,50,13,6.67,29499
Xiaomi Redmi Note 12 Pro,Xiaomi,8,128,5000,108,16,6.67,38199
Xiaomi Redmi Note 12 Pro,Xiaomi,8,256,5000,108,16,6.67,43999
Xiaomi Redmi Note 12 Pro Plus,Xiaomi,8,256,5000,200,16,6.67,55999
Tecno Spark 10 Pro,Tecno,8,128,5000,50,32,6,22599
Tecno Spark 10 Pro,Tecno,8,256,5000,50,32,6,25399
Samsung Galaxy S23 Ultra 5G ,Samsung,12,,5000,200,12,6,230999
Samsung Galaxy A04e,Samsung,4,128,5000,13,5,6.5,22199
Infinix Note 12 Pro 5G,Infinix,8,256,5000,108,16,6.7,37499
Samsung Galaxy A13,Samsung,6,128,5000,50,8,6.6,28999
Infinix Smart 7 Plus 4G,Infinix,3,64,6000,13,5,6.6,15999
Xtigi S7 4G,Xtigi,4,64,6500,16,5,6.6,13499
Xtigi S3 4G,Xtigi,4,64,3900,13,5,5.5,10499
Itel A33 Plus,itel,1,32,3020,5,2,5,7299
OnePlus Nord CE 3 Lite 5G,OnePlus,8,256,5000,108,,6.72,44299
Samsung Galaxy S23 Ultra 5G,Samsung,12,512,5000,200,12,6,173699
Xiaomi Poco C40,Xiaomi,3,32,6000,13,5,6.7,15599
OnePlus Nord N20 SE,OnePlus,4,128,5000,50,8,6.56,24999
Vivo Y02,Vivo,2,32,5000,8,5,6.5,13599
Xiaomi Poco X5 Pro,Xiaomi,8,256,5000,108,16,6.67,50599
Vivo Y35 4G,Vivo,8,128,5000,50,16,6.5,32699
Oppo Reno 8T 4G,OPPO,8,256,5000,100,32,6.43,40299
Realme Pad 10.4 LTE,Realme,3,32,7100,8,8,,23599
Tecno Pop 7 Pro,Tecno,4,64,5000,13,5,6.56,15699
Xiaomi Redmi 12C,Xiaomi,3,64,5000,50,5,6.7,17599
Xiaomi Redmi 12C,Xiaomi,4,128,5000,50,5,6.7,20699
Vivo Y16 4G,Vivo,4,64,5000,13,5,6.5,20599
Samsung Galaxy S23,Samsung,8,128,3900,50,12,6,114999
Tecno Pop 7,Tecno,2,64,5000,8,5,6.6,13999
Xiaomi 13 Lite 5G,Xiaomi,8,256,4500,50,32,6.55,59899
Xiaomi 13 5G,Xiaomi,12,256,4500,50,32,6.36,107899
OnePlus 11,OnePlus,16,256,5000,50,16,6.7,115999
Tecno Phantom X2,Tecno,8,256,5160,64,32,6,75999
Tecno Phantom X2 Pro 5G,Tecno,12,256,5160,50,32,6,93999
Tecno Pop 7 Pro,Tecno,3,64,5000,13,5,6.56,13699
Nokia C12,Nokia,2,64,3000,8,5,6.3,13999
Google Pixel 5,Google Pixel,8,128,4080,12,8,6,49999
Xiaomi Poco X4 GT,Xiaomi,8,256,5080,64,16,6.6,48999
ZTE Red Magic 8 Pro,ZTE,12,256,6000,50,16,6,116399
Samsung Galaxy M53 5G,Samsung,8,128,5000,108,32,6.7,47099
ZTE Red Magic 8 Pro,ZTE,16,512,6000,50,16,6,135999
Samsung Galaxy S23 Plus,Samsung,8,256,4700,50,12,6.6,122499
Samsung Galaxy S23,Samsung,8,256,3900,50,12,6,132899
Xiaomi Poco X5 5G,Xiaomi,6,128,5000,48,13,6.7,35199
Xiaomi Poco X5 5G,Xiaomi,8,256,5000,48,13,6.7,39699
Nokia Tab T10,Nokia,4,64,5250,8,2,,21299
Xiaomi Redmi Pad ,Xiaomi,3,64,8000,8,8,,28999
Huawei P50 Pro,Huawei,8,256,4360,50,13,6.6,111299
Nokia C31,Nokia,4,64,5050,13,5,6.75,18499
Lenovo Tab M7 3rd Gen,Lenovo,2,32,3750,2,2,7,20599
Lenovo Tab M8 HD,Lenovo,3,32,5000,5,2,,23299
Lenovo Tab K10,Lenovo,4,64,7700,8,5,,40199
Xiaomi Poco M5,Xiaomi,6,128,5000,50,5,6.5,25499
Realme C33,Realme,4,64,5000,50,5,6.5,19699
Xiaomi 12T Pro,Xiaomi,8,256,5000,200,20,6.67,80299
Samsung Galaxy F23 5G,Samsung,6,128,5000,50,8,6.7,38699
Xtigi Lion 7000 Educational Tablet,Xtigi,1,32,3000,5,2,7,10999
Asus Rog 6 5G Batman Edition,Asus,12,256,6000,50,12,6.7,143699
Asus Rog 6 5G Diablo Immortal,Asus,16,512,6000,50,12,6.7,158999
Samsung Galaxy A04,Samsung,4,64,5000,50,5,6.5,23899
Vivo Y22 4G,Vivo,4,64,5000,50,8,6.55,23599
Oppo A17,OPPO,4,64,5000,50,5,6.56,20999
Itel A18,itel,1,32,2400,2,2,5,8299
Samsung Galaxy A04,Samsung,3,32,5000,50,5,6.5,19399
Huawei Nova Y90,Huawei,8,128,5000,50,8,6.7,36599
Xiaomi Poco M5,Xiaomi,4,128,5000,50,5,6.5,22599
Amazon Fire HD 8 Plus,Amazon,3,64,,2,2,,18499
Samsung Galaxy A04e,Samsung,3,64,5000,13,5,6.5,20699
Samsung Galaxy A04e,Samsung,3,32,5000,13,5,6.5,14599
Xiaomi Mix Fold 2 5G,Xiaomi,12,256,4500,50,20,,185699
Xiaomi Mix Fold 2 5G,Xiaomi,12,512,4500,50,20,,217899
Oppo A17K,OPPO,3,64,5000,8,8,6.56,17599
Apple Ipad Mini 6th Gen   ,Apple,4,256,,12,12,,141299
Apple Ipad Air 5   ,Apple,8,256,,12,12,,165999
Samsung Z Flip 4,Samsung,8,128,3700,12,10,6.7,110299
Asus Rog 6D 5G,Asus,8,256,6000,50,12,6.7,148999
Nubia Red Magic 7s Pro 5G Transformers BumbleBEE Edition,ZTE,16,512,5000,64,16,6,167899
Samsung Galaxy M35 5G,Samsung,8,128,6000,64,32,6.5,40299
Amazon 8 Fire HD 8 Kids Pro Tablet,Amazon,2,32,,2,2,,23299
Amazon 7 Fire 7 Kids Tablet,Amazon,1,16,,2,2,7,18599
Oppo Reno 8 4G,OPPO,8,256,4500,64,32,6.4,45299
Oppo Reno 8 5G,OPPO,8,256,4500,50,32,6.4,59999
Google Pixel 7 Pro 5G,Google Pixel,12,512,5000,50,10,6.7,150299
Vivo V25E,Vivo,8,128,4500,64,32,6.44,34599
Vivo V25 5G,Vivo,8,128,4500,,50,6.44,59499
Infinix Hot 20i,Infinix,2,64,5000,13,8,6.6,14299
Infinix Hot 20i,Infinix,4,64,5000,13,8,6.6,15499
Samsung Galaxy Z Flip 4,Samsung,8,512,3700,12,10,6.7,123899
Samsung Galaxy M32 4G,Samsung,4,64,5000,64,20,6,21599
Samsung Galaxy M13 4G,Samsung,4,128,,50,8,6.6,24699
OnePlus Ace,OnePlus,8,256,4500,50,16,6.7,56599
Xtigi V23,Xtigi,2,32,3200,8,5,5,7799
Realme C30s,Realme,2,32,5000,8,5,6.5,16399
Samsung Galaxy A04s,Samsung,4,64,5000,50,5,6.5,25699
Samsung Galaxy A04s,Samsung,4,128,5000,50,5,6.5,28699
Xiaomi Mi Pad 4  8.0,Xiaomi,4,128,6000,13,5,,33699
Infinix Zero Ultra 5G,Infinix,8,256,4500,200,32,6,70299
Infinix Zero 20,Infinix,8,256,4500,108,60,6.7,38599
Xiaomi 12T Pro,Xiaomi,12,256,5000,200,20,6.67,92999
Xiaomi Redmi Note 11 Pro Plus 5G,Xiaomi,8,128,4500,108,16,6.67,43599
Xtigi S2 4G,Xtigi,3,32,3900,13,13,5.5,9799
Google Pixel 7 5G,Google Pixel,8,256,4355,50,10,6.3,78999
Samsung F13,Samsung,4,64,6000,50,8,6.6,26599
Google Pixel 7 5G,Google Pixel,8,256,4355,50,10,6.3,95499
Google Pixel 7 Pro 5G,Google Pixel,12,128,5000,50,10,6.7,115699
Xiaomi 12T,Xiaomi,8,256,5000,108,,6.67,63999
Xtigi V23,Xtigi,2,16,3200,8,5,5,9499
Apple Iphone 14 Pro,Apple,6,256,3200,48,12,6,197499
Apple Iphone 14 Pro ,Apple,6,,3200,48,12,6,299999
Apple Iphone 14 Pro Max,Apple,6,128,3200,48,12,6.7,195999
Apple Iphone 14 Pro Max,Apple,6,256,3200,48,12,6.7,227399
Apple Iphone 14 Pro Max,Apple,6,512,3200,48,12,6.7,270299
Apple Iphone 14 Pro Max 1Tb,Apple,6,,3200,48,12,6.7,624999
Itel P36,itel,1,16,5000,13,8,6.5,9599
Itel A58 Pro,itel,2,32,4000,5,5,6.6,12299
Itel A58 Lite,itel,2,32,4000,5,5,6.3,9699
Xiaomi Redmi 10C,Xiaomi,3,64,5000,50,5,6.7,16499
Apple Iphone 14 Pro,Apple,6,128,3200,48,12,6,189999
Realme C15,Realme,4,64,6000,13,8,6.5,16699
OnePlus Ace,OnePlus,8,128,4500,50,16,6.7,53999
Samsung Galaxy M33 5G,Samsung,8,128,6000,50,8,6.6,38699
Xiaomi 12 Lite 5G,Xiaomi,8,256,4300,108,32,6.55,56699
Asus Rog 6 5G,Asus,16,512,6000,50,12,6.7,150199
Xiaomi 12 Lite 5G,Xiaomi,8,128,4300,108,32,6.55,52499
Nothing  1 5G,Nothing,8,128,4500,50,16,6.5,58799
OnePlus 10T,OnePlus,16,256,4800,50,16,6.7,93999
Huawei MatePad T 10,Huawei,2,32,5100,2,5,9.7,23699
Asus zenfone 9 5G,Asus,8,128,4300,50,12,5.9,135899
Asus zenfone 9 5G,Asus,8,128,4300,50,12,5.9,108699
Nokia G11 Plus,Nokia,4,64,5000,50,8,6.52,18199
Samsung Z Flip 4,Samsung,8,256,3700,12,10,6.7,187599
Asus Rog  6 Pro,Asus,18,512,6000,50,12,6.7,199999
OnePlus Ace Pro,OnePlus,16,256,4800,50,16,6.7,78899
OnePlus Ace Pro,OnePlus,16,512,4800,50,16,6.7,86799
Samsung Galaxy Z Fold 4,Samsung,12,512,4400,50,10,7.6,220199
Huawei Honor X7,Huawei,4,128,5000,48,8,6.74,23699
Huawei Honor X7,Huawei,6,128,5000,48,8,6.74,25999
Xiaomi 12s Ultra 5G,Xiaomi,8,256,4860,50,32,6.73,119999
Xiaomi 12s Ultra 5G,Xiaomi,12,256,4860,50,32,6.73,120299
Xiaomi 12s Ultra 5G,Xiaomi,12,512,4860,50,32,6.73,132599
ZTE Axon 40 Ultra 5G,ZTE,12,256,5000,64,16,6,113699
ZTE Axon 40 Pro 5G,ZTE,12,256,5000,108,16,6.67,96399
Xiaomi Poco F4 5G,Xiaomi,8,128,4500,64,20,6.67,49999
Xiaomi Poco F4 5G,Xiaomi,8,256,4500,64,20,6.67,55999
Samsung Galaxy A33 5G,Samsung,8,128,5000,48,13,6.4,46699
OnePlus 8T 5G,OnePlus,8,128,4500,48,16,6.55,46599
Alldocube T803 Smile 1 Pro Tablet  ,Alldocube,3,32,4000,5,2,,12999
Oppo Find X5 5G,OPPO,8,256,4800,50,32,6.55,93499
Tecno Spark 9,Tecno,4,64,5000,13,8,6.6,16599
Infinix Note 12 Pro 5G,Infinix,8,128,5000,108,16,6.7,36699
Google Pixel 6A,Google Pixel,6,128,4410,12,8,6,61499
Ulefone Note 7,Ulefone,1,16,3500,8,5,6,8499
Itel P17 3G,itel,1,16,4000,5,2,5.45,9699
Samsung Galaxy Tab S8 5G,Samsung,8,128,8000,13,12,,140599
Tecno Spark 9T,Tecno,4,128,5000,13,32,6.6,19599
Samsung Galaxy Tab S8 5G with Keyboard,Samsung,8,128,8000,13,12,,159999
Realme C35,Realme,4,128,5000,50,8,6.6,22399
Samsung Galaxy Tab S8 Ultra 5G with Keyboard,Samsung,12,256,11200,13,12,,206999
Xtigi Hope 10 Plus Tablet Plus Keyboard,Xtigi,4,64,6000,5,2,,22599
Samsung Galaxy A52S 5G,Samsung,6,128,4500,64,32,6.5,41299
Samsung Galaxy A23,Samsung,6,128,5000,50,8,6.6,37699
Samsung Galaxy F22,Samsung,4,64,6000,48,13,6.4,23999
Realme Pad 10.4 ,Realme,3,32,7100,8,8,,21499
Realme Pad 10.4 inch,Realme,4,64,7100,8,8,,29599
Realme Pad 10.4,Realme,6,128,7100,8,8,,34599
Xiaomi Poco F4 GT 5G,Xiaomi,12,256,4700,64,20,6.67,75999
Xiaomi Redmi K50 Pro,Xiaomi,8,256,5000,108,20,6.67,75599
Xiaomi Redmi K50 Pro,Xiaomi,12,256,5000,108,20,6.67,79999
Xiaomi Redmi K50 Gaming Edition 5G,Xiaomi,12,256,4700,64,20,6.67,60299
OnePlus Ace,OnePlus,12,512,4500,50,16,6.7,72699
Xiaomi Black Shark 5 5G,Xiaomi,12,256,4650,64,16,6.67,77899
Xiaomi Black Shark 5 Pro 5G,Xiaomi,12,256,4650,108,16,6.67,101999
Samsung Galaxy M52 5G,Samsung,8,128,5000,64,32,6.52,42999
Itel P38,itel,2,32,5000,8,5,6.6,14999
Huawei Nova Y70,Huawei,4,128,6000,48,8,6.75,25699
Oppo Find X5 Pro 5G,OPPO,12,256,5000,50,32,6.7,152099
Tecno Camon 19,Tecno,4,128,5000,64,16,6,26999
Tecno Pop 6 Go 4g,Tecno,2,32,4000,5,5,6,11999
Xiaomi 12 5G,Xiaomi,8,128,4500,50,32,6.2,69999
Nokia C21 Plus,Nokia,2,64,5050,13,5,6.52,16599
Apple Ipad Pro 12.9 5th Gen,Apple,8,256,,12,12,,210599
Apple Ipad Pro 12.9 inch 5th Gen,Apple,8,512,,12,12,,250299
Apple Ipad Pro 11 inch 3rd Gen ,Apple,8,256,7538,12,12,,115499
Tecno Pop 6 4G,Tecno,2,32,5000,5,5,6,12999
Samsung Galaxy M22,Samsung,6,128,5000,48,13,6.4,29999
Amazon 7 Fire 7 Tablet,Amazon,1,16,,2,2,7,13299
Samsung Galaxy M23 5G,Samsung,6,128,5000,50,8,6.6,38999
Samsung Galaxy M33 5G,Samsung,6,128,6000,50,8,6.6,36999
Xiaomi Redmi Note 11 Pro,Xiaomi,6,128,5000,108,16,6.67,37899
Xiaomi Poco F4 GT 5G,Xiaomi,8,256,4700,64,20,6.67,69199
Samsung Galaxy Tab S7 FE 5G,Samsung,4,64,10090,5,8,,77599
Xiaomi Black Shark 4 Pro,Xiaomi,12,256,5000,64,20,6.67,93699
Oneplus Ace,OnePlus,12,256,4500,50,16,6.7,63999
Samsung Galaxy Note 20 Ultra 4G,Samsung,12,256,4500,108,10,6.9,105999
Samsung Galaxy A73 5G,Samsung,8,256,5000,108,32,6.7,83699
Samsung Galaxy A33 5G,Samsung,6,128,5000,48,13,6.4,39699
Oppo A16K,OPPO,3,32,4230,13,5,6.52,15499
Samsung Galaxy S22 5G,Samsung,8,128,3700,50,10,6,93699
OnePlus Nord 2T 5G,OnePlus,8,128,4500,50,,6.43,52999
OnePlus Nord 2T 5G,OnePlus,12,256,4500,50,,6.43,63999
Ulefone Armor X8i,Ulefone,3,32,50800,13,8,5.7,15499
Ulefone Armor 11 5G,Ulefone,8,256,5200,48,16,6,55499
Ulefone Armor 11T 5G,Ulefone,8,256,5200,48,16,6,60599
Ulefone Armor 13,Ulefone,8,256,13200,48,16,6,39999
Ulefone Armor 12 5G,Ulefone,8,256,51800,48,16,6.52,36899
Ulefone Note 6,Ulefone,1,32,3300,5,2,6,9499
Ulefone Note 6p,Ulefone,2,32,3300,8,5,6,10599
Ulefone Note 10,Ulefone,2,32,5500,8,8,6.52,13599
Ulefone Note 11p,Ulefone,4,64,4500,48,8,6.55,18899
Ulefone Note 12p,Ulefone,4,64,7700,13,8,6,16499
Ulefone Tab A7,Ulefone,4,64,7680,13,5,,17899
Ulefone Armor 8 Pro,Ulefone,6,128,5580,16,8,6,20499
Samsung Galaxy A23,Samsung,6,128,5000,50,8,6.6,36999
Samsung Galaxy A53 5G,Samsung,8,256,5000,64,32,6.46,59899
Oppo Reno 7 5G,OPPO,8,256,4500,64,32,6.43,60699
Infinix Zero 5G,Infinix,8,128,5000,48,16,6.7,34599
Xtigi Hero Book Tablet,Xtigi,3,64,4000,,2,,18999
Xtigi Hope 10 Pro Tablet Plus Keyboard,Xtigi,2,32,6000,5,2,,20899
Itel P17 Pro 4G,itel,2,32,4000,5,2,5.45,10099
Infinix Smart 6 4G,Infinix,2,32,5000,8,5,6.6,12999
Xiaomi Redmi K40s,Xiaomi,8,128,4500,48,20,6.67,44599
Xtigi Hope 7 Pro Tablet,Xtigi,2,32,3000,5,2,7,12399
Samsung Galaxy A73 5G,Samsung,8,128,5000,108,32,6.7,70999
Xiaomi Redmi K40s,Xiaomi,8,256,4500,48,20,6.67,46599
Xiaomi Redmi K40s,Xiaomi,12,256,4500,48,20,6.67,49999
Nokia C21,Nokia,2,32,3000,8,5,6.52,13699
Oppo Reno 7 4G,OPPO,8,256,4500,64,32,6.43,43999
Samsung Galaxy S21 FE 5G,Samsung,8,128,4500,12,32,6.4,70299
Xiaomi 12 5G,Xiaomi,12,256,4500,50,32,6.2,79999
OnePlus Nord CE 2 Lite 5G,OnePlus,8,128,5000,64,,6.59,39999
Xiaomi 12X 5G,Xiaomi,8,256,4500,50,32,6.2,66299
Xiaomi Poco X4 Pro 5G,Xiaomi,8,256,5000,108,16,6.67,45699
Xiaomi Poco X4 Pro 5G,Xiaomi,6,128,5000,108,16,6.67,37499
Xiaomi Redmi Note 11 Pro Plus 5G,Xiaomi,8,256,4500,108,16,6.67,53999
Samsung Galaxy Tab S8+,Samsung,8,128,10090,13,12,,150299
Xiaomi Poco M4 Pro 4G,Xiaomi,6,128,5000,64,16,6.43,28999
Xiaomi Poco M4 Pro 4G,Xiaomi,8,256,5000,64,16,6.43,30599
Samsung Galaxy A13,Samsung,4,128,5000,50,8,6.6,26999
Samsung Galaxy A23 5G,Samsung,6,128,5000,50,8,6.6,40999
Samsung Galaxy A13,Samsung,4,64,5000,50,8,6.6,23999
OnePlus Nord CE 2 5G,OnePlus,6,128,4500,64,,6.43,38999
Samsung Galaxy Tab S8 Ultra 5G,Samsung,12,256,11200,13,12,,190599
Tecno Pop 4 Air,Tecno,1,16,5000,5,5,6.52,8599
Realme 9i,Realme,4,128,5000,50,16,6.6,25499
Xiaomi 12 5G,Xiaomi,8,256,4500,50,32,6.2,79599
Nokia G21,Nokia,4,64,5050,50,8,6.5,19899
Samsung Galaxy A32 5G,Samsung,6,128,5000,48,13,6.5,40999
OnePlus Nord CE 2 5G,OnePlus,6,128,4500,64,,6.43,40299
Apple Ipad Mini 6th Gen ,Apple,4,64,,12,12,,101299
Google Pixel 6 Pro 5G,Google Pixel,12,128,5003,50,11,6.7,82099
Apple Ipad 8th Gen,Apple,3,32,,8,1,,64599
Apple Ipad 8th Gen,Apple,3,128,,8,1,,87599
Apple Ipad 9th Gen 5G,Apple,3,64,8557,12,8,,83599
Apple Ipad 9th Gen ,Apple,3,256,8557,12,8,,89999
Apple Ipad Air 4   ,Apple,4,64,7606,12,7,,92599
Apple Ipad Air 4 ,Apple,4,256,7606,12,7,,119999
OnePlus 10 Pro,OnePlus,12,256,5000,48,32,6.7,102999
Infinix Smart 6 Plus,Infinix,2,32,5000,8,8,6.6,13499
Apple Ipad Pro 12.9 5th Gen,Apple,8,128,,12,12,,149299
Apple Ipad Pro 12.9 6th Gen   ,Apple,8,128,,12,12,,171299
Lenovo Legion Duel 2,Lenovo,12,256,5000,64,44,6.92,78699
Xiaomi Redmi 9C,Xiaomi,2,32,5000,13,5,6.53,13899
Samsung Galaxy Note 20 4G,Samsung,8,256,4300,12,10,6.7,86999
Apple i 11,Apple,4,128,3110,12,12,6,99799
Xiaomi Redmi Note 11,Xiaomi,4,64,5000,50,13,6.43,22999
Oneplus 6T,OnePlus,8,128,3700,16,16,6.4,35999
Xtigi Kids 5 Mini Tablet,Xtigi,2,16,3500,2,2,5,8999
Xiaomi Redmi 10C,Xiaomi,4,64,5000,50,5,6.7,19799
Samsung Galaxy A53 5G,Samsung,8,128,5000,64,32,6.46,67999
Oppo A76,OPPO,6,128,5000,13,8,6.56,28299
Samsung A03,Samsung,3,32,5000,48,5,6.5,14999
Samsung A03,Samsung,4,64,5000,48,5,6.5,16999
Samsung F12,Samsung,4,164,6000,48,8,6.5,20999
Xiaomi Redmi 10C,Xiaomi,4,128,5000,50,5,6.7,22899
Samsung Galaxy S22 Plus 5G,Samsung,8,128,4500,50,10,6.6,115399
Samsung Galaxy S22 Ultra 5G,Samsung,12,256,5000,108,40,6,145399
Samsung Galaxy S22 Ultra 5G,Samsung,12,512,5000,108,40,6,169399
Vivo V23 5G,Vivo,8,128,4200,64,50,6.44,65299
Vivo V23e 4G,Vivo,8,128,4050,64,50,6.4,39699
Xtigi Kids 7 Pro Tablet,Xtigi,1,32,2800,2,0,7,13899
Xtigi Kids 7 Pro Tablet,Xtigi,1,32,2800,2,0,7,9599
Xtigi Kids 9 Pro Tablet,Xtigi,2,32,4000,2,,7,13999
Xtigi Sharp 2,Xtigi,4,64,5500,16,16,7,17899
Xtigi Sharp 2,Xtigi,4,128,5500,16,16,7,19999
Xtigi Kids 8 Pro Tablet,Xtigi,2,32,4000,8,2,,13999
Xtigi 9c,Xtigi,2,32,,8,8,6.6,12999
Xtigi Hope 7 Max Tablet,Xtigi,1,32,2800,5,2,7,9899
Apple i 12 Pro,Apple,6,128,2815,12,12,6,128999
Nokia Tab T20 Tablet,Nokia,4,64,8200,8,5,,28599
Huawei Nova 9,Huawei,8,128,4300,50,32,6.57,63999
Xtigi A10S,Xtigi,3,32,4000,13,8,6.3,15999
Xtigi A20S,Xtigi,3,32,4000,13,8,6.5,15299
Xtigi A20S Pro,Xtigi,4,64,4000,13,8,6.5,16999
Umidigi Bison,Umidigi,6,128,5000,48,24,6.3,24999
Xtigi Hope 10 Pro + Keyboard,Xtigi,4,128,6000,8,8,,21999
Xtigi Hope 10 Pro Tablet + Keyboard,Xtigi,4,128,6000,8,5,,25999
Xtigi Hope 7 LTE Tablet,Xtigi,2,32,4000,5,5,7,15999
Xtigi Hope 7 Max Tablet,Xtigi,2,32,2800,5,2,7,10099
Xtigi Hope 8 Mate Tablet,Xtigi,2,32,4000,5,2,,13999
Xtigi Hope 8 Lte Tablet,Xtigi,1,32,4000,5,2,,14999
Xtigi V29 Pro,Xtigi,2,16,4000,8,5,6,10399
Xtigi Joy 10 Mate Tablet,Xtigi,2,32,5500,5,2,,16999
Itel A56 Pro,itel,2,32,4000,8,5,6,9799
Samsung Galaxy M52 5G,Samsung,6,128,5000,64,32,6.52,39899
Itel P36 Pro,itel,2,32,5000,13,8,6.5,12000
Itel A58,itel,1,16,4000,5,5,6.6,9199
Itel Prime tab 1,itel,1,32,4000,5,,7,14399
Huawei Matepad T 10S Tablet,Huawei,4,64,5100,5,2,,26999
Nokia G10,Nokia,4,64,5050,13,8,6.52,18999
Xiaomi Redmi Note 9 PRO,Xiaomi,6,128,5020,64,16,6.67,30999
Xiaomi Redmi Note 9 PRO,Xiaomi,6,64,5020,64,16,6.67,24999
Xiaomi Redmi Note 11,Xiaomi,4,128,5000,50,13,6.43,27999
Xiaomi Redmi Note 11,Xiaomi,6,128,5000,50,13,6.43,29599
Xiaomi Redmi Note 11s,Xiaomi,6,128,5000,108,16,6.43,31299
Xiaomi Redmi Note 11s,Xiaomi,8,128,5000,108,16,6.43,33999
Xtigi V30 Max,Xtigi,3,32,4000,8,5,6,9599
Xiaomi Poco F3,Xiaomi,8,256,4520,48,16,6.67,46999
Xiaomi Poco F3,Xiaomi,6,128,4520,48,16,6.67,42299
Lenovo Tab M7 Tablet,Lenovo,2,32,3590,2,,7,16999
Lenovo Tab M8 Tablet,Lenovo,2,32,5000,5,2,,22699
Lenovo Tab M10 Tablet,Lenovo,4,64,5000,8,5,,31699
Vivo Y15S,Vivo,3,32,5000,13,8,6.5,16999
Safaricom Neon Ray Pro 4G,Neon ray,1,16,2500,5,5,5.5,4999
Oppo A95,OPPO,8,128,5000,48,16,6.43,31999
Huawei Nova Y60,Huawei,4,64,5000,13,8,6.6,23999
Itel S16 Pro,itel,2,32,4000,8,8,6.6,12999
Tecno Spark 8P,Tecno,4,64,5000,50,8,6.6,16899
Tecno Spark 8P,Tecno,4,128,5000,50,8,6.6,18899
Samsung Galaxy A22 5G,Samsung,4,128,5000,48,13,6.4,26999
Xiaomi Mi 11 Lite 5G,Xiaomi,6,128,4250,64,16,6.55,38399
Google Pixel 6 5G,Google Pixel,8,256,4614,50,8,6.4,98599
Google Pixel 6 5G,Google Pixel,8,128,4614,50,8,6.4,83999
Vivo Y01,Vivo,2,32,5000,,,,15999
Oneplus 5t,OnePlus,8,128,3000,16,16,6,30999
Xiaomi Mi 11T 5G,Xiaomi,8,128,5000,108,16,6.67,47999
Tecno Spark 8C,Tecno,2,64,5000,13,8,6.6,14899
Tecno Pop 5 GO,Tecno,1,16,4000,5,5,6,8599
Huawei Nova 7i,Huawei,8,128,4200,48,16,6.4,34599
Apple i 13 Mini,Apple,4,512,2438,12,12,5.4,134999
Samsung Galaxy S21 FE 5G,Samsung,8,256,4500,12,32,6.4,76599
Samsung Galaxy S21 FE 5G,Samsung,6,128,4500,12,32,6.4,68699
Tecno Pop 2X Plus 4G Single ,Tecno,1,16,4000,8,5,6,7399
Xiaomi Poco M4 Pro 5G,Xiaomi,6,128,5000,50,16,6.6,31999
Tecno Pop 5 Pro,Tecno,2,32,6000,8,5,6.52,12199
Google Pixel 6 Pro 5G,Google Pixel,12,256,5003,50,11,6.7,99899
Samsung Galaxy A22 5G,Samsung,6,128,5000,48,13,6.4,30799
Oppo A16K,OPPO,4,64,4230,13,5,6.52,19499
Samsung Galaxy A03 Core,Samsung,2,32,5000,8,5,6.5,14599
Xiaomi Mi Pad 5 Pro 5G,Xiaomi,8,256,8600,13,8,,73999
Apple i 13 Mini,Apple,4,128,2438,12,12,5.4,99499
OnePlus 9RT,OnePlus,12,256,4500,50,16,6.62,60599
OnePlus 9RT 5G,OnePlus,8,256,4500,50,16,6.62,55499
OnePlus 9RT 5G,OnePlus,8,128,4500,50,16,6.62,63999
Apple i 13 Mini,Apple,4,256,2438,12,12,5.4,112499
Tecno Camon 18i,Tecno,4,128,5000,48,16,6.6,23999
Tecno Camon 18 Premier,Tecno,8,256,4750,64,32,6.7,43999
Infinix Note 11 Pro,Infinix,8,128,5000,64,16,6.95,28499
Nokia C1 2nd Edition,Nokia,1,16,2500,5,5,5.45,7999
Tecno Camon 18P,Tecno,8,128,5000,48,16,6,32999
Itel S17,itel,1,16,6000,8,8,6.6,9999
Samsung Galaxy A22 4G,Samsung,4,64,5000,48,13,6.4,23599
Samsung Galaxy A22 4G,Samsung,6,128,5000,48,13,6.4,29999
iTel P37 Pro 4G,itel,2,32,5000,13,8,6,11999
Apple i 13 Pro Max ,Apple,6,,4352,12,12,6.7,215999
Huawei Y7a,Huawei,4,128,5000,48,8,6.67,21999
Apple i 12 Pro Max,Apple,6,512,3687,12,12,6.7,165299
Vivo V20,Vivo,4,64,4000,64,44,6.44,44999
Vivo Y12s,Vivo,2,32,,13,8,6.5,16999
Vivo Y1s,Vivo,2,32,,13,5,6.22,12999
Xiaomi Poco M3,Xiaomi,4,128,6000,48,8,6.53,19499
Samsung Galaxy A12,Samsung,4,64,5000,48,8,6.5,19999
Apple i 12 Pro Max,Apple,6,256,3687,12,12,6.7,139999
Apple i 12 Pro Max,Apple,6,128,3687,12,12,6.7,130999
Apple i 13,Apple,4,512,3240,12,12,6,145999
Apple i 13,Apple,4,256,3240,12,12,6,130299
Apple i SE 2020,Apple,3,64,1821,12,7,4.7,58999
Apple i SE 2020,Apple,3,256,1821,12,7,4.7,92499
Apple i 12,Apple,4,64,2815,12,12,6,110999
Apple i 12,Apple,4,64,2815,12,12,6,98499
Xiaomi Mi 11 Ultra 5G,Xiaomi,12,256,5000,50,20,6,113599
Huawei Y8S,Huawei,4,64,4000,48,8,6.5,19999
Xiaomi Redmi Note 10 Pro,Xiaomi,6,128,5020,108,16,6.67,33599
OnePlus 9 5G,OnePlus,12,256,4500,48,16,6.55,63999
OnePlus 9 Pro 5G,OnePlus,8,128,4500,48,16,6.7,72499
Itel A37,itel,1,16,3020,5,2,5.7,7999
Samsung Galaxy A32 4G,Samsung,6,128,5000,64,20,6.4,36799
Apple i 11 Pro,Apple,4,512,3046,12,12,5,130999
Apple i 11 Pro,Apple,4,64,3046,12,12,5,94999
Xtigi V29 Lte,Xtigi,3,32,4000,8,5,6,9499
Samsung Galaxy S20 FE,Samsung,6,128,4500,12,32,6.5,47899
Apple iPad Pro 11 3rd Gen ,Apple,8,128,7538,12,12,,107699
Apple i 13,Apple,4,128,3240,12,12,6,125399
Apple i 13 Pro,Apple,6,128,3095,12,12,6,147999
Samsung Galaxy Note 20 5G,Samsung,8,256,4300,12,10,6.7,99699
Samsung Galaxy F41,Samsung,6,128,6000,64,32,6.5,28999
Tecno Spark 7,Tecno,3,64,5000,16,8,6.5,15999
OnePlus 9R 5G,OnePlus,8,256,4500,48,16,6.55,52999
Ulefone Armor X3,Ulefone,2,32,5000,8,5,5.5,12399
Ulefone Armor X6,Ulefone,2,16,4000,8,5,5,11499
Ulefone Armor X5,Ulefone,3,32,5000,13,5,5.5,14999
Ulefone Armor X7,Ulefone,2,16,4000,13,5,5,13999
Ulefone Note 8P,Ulefone,2,16,2700,8,5,5.5,7599
Ulefone Note 8,Ulefone,2,16,2700,5,2,5.5,7499
Ulefone Armor 8,Ulefone,4,64,5580,16,8,6,19000
Ulefone Armor X5 Pro,Ulefone,4,64,5000,13,2,5.5,15999
Infinix Note 10 Pro,Infinix,8,128,5000,64,16,6.7,24999
Tecno Phantom X,Tecno,8,256,4500,50,48,6.7,47299
Infinix Hot 10i,Infinix,2,32,6000,13,5,6.52,13999
OnePlus Nord CE 5G,OnePlus,12,256,4500,64,16,6.43,45999
OnePlus Nord CE 5G,OnePlus,8,128,4500,64,16,6.43,37999
Samsung Galaxy A22 4G,Samsung,4,64,5000,48,13,6.4,28599
Samsung Galaxy A22 5G,Samsung,4,64,5000,48,13,6.4,27899
Xiaomi Redmi Note 10S,Xiaomi,8,128,5000,64,8,6.5,28999
Xiaomi Redmi Note 10S,Xiaomi,6,128,5000,64,8,6.5,26999
Xiaomi Redmi Note 10 5G,Xiaomi,6,128,5000,48,8,6.5,27899
Xiaomi Redmi Note 10 5G,Xiaomi,4,128,5000,48,8,6.5,26899
Realme C11 2021,Realme,2,32,5000,8,5,6.52,14599
Tecno Pop 5,Tecno,2,32,4000,5,5,6,10599
Itel A23 Pro single ,itel,1,16,2400,2,,5,4999
Oppo A54,OPPO,4,64,5000,13,16,6.52,23000
Tecno Pop 5P,Tecno,2,32,5000,5,2,6.52,11599
Xiaomi Poco M3 Pro 5G,Xiaomi,6,128,5000,48,8,6.5,28999
Xiaomi Poco M3 Pro 5G,Xiaomi,4,64,5000,48,8,6.5,25000
Realme GT Master 5G,Realme,6,128,4300,64,32,6.43,39999
Realme GT Master 5G,Realme,8,128,4300,64,32,6.43,48699
Realme GT 5G,Realme,8,128,4500,64,16,6.43,60000
Apple i 13 Pro Max,Apple,6,256,4352,12,12,6,178999
Apple i 13 Pro Max,Apple,6,128,4352,12,12,6.7,166999
Apple i 13 Pro,Apple,6,256,3095,12,12,6,153299
Huawei Y6 Prime 2019,Huawei,3,32,3020,13,8,6,13999
Huawei Y9 2019,Huawei,4,128,4000,13,16,6.5,18999
Infinix Hot 10i,Infinix,2,64,6000,13,5,6.52,15999
Samsung Galaxy M62,Samsung,8,256,7000,64,32,6.7,51999
Nokia X10 5G,Nokia,6,128,4470,48,8,6.67,24599
Huawei Y7 Pro,Huawei,4,64,4500,13,16,6.26,17999
Ulefone Armor 10 5G,Ulefone,8,128,5800,64,16,6.67,49599
Xiaomi Mi Pad 5 Pro ,Xiaomi,6,256,8600,50,8,,60000
Xiaomi Mi Pad 5 Pro ,Xiaomi,6,128,8600,50,8,,55000
Xiaomi Mi Pad 5 ,Xiaomi,6,256,8720,13,5,,52699
Xiaomi Mi Pad 5 ,Xiaomi,6,128,8720,13,5,,56999
Xiaomi Mi Mix 4 5G,Xiaomi,12,512,4500,108,20,6.67,130000
Xiaomi Mi Mix 4 5G,Xiaomi,12,256,4500,108,20,6.67,120000
Xiaomi Mi Mix 4 5G,Xiaomi,8,256,4500,108,20,6.67,110000
Xiaomi Mi 11 Ultra 5G,Xiaomi,8,256,5000,50,20,6,104599
Itel A25 Pro,itel,2,32,5000,5,2,5,9999
Nokia X20 5g,Nokia,8,128,4470,64,32,6.67,29999
Vivo Y53s,Vivo,8,128,5000,64,8,6.5,28999
Samsung Galaxy A22 5G,Samsung,8,128,5000,48,13,6.4,33699
Samsung Galaxy Z Fold 3 5G,Samsung,12,512,4400,12,4,7.6,189999
Xiaomi Black Shark 4 5G,Xiaomi,12,256,4500,48,20,6.67,79999
Xiaomi Black Shark 4 5G,Xiaomi,6,128,4500,48,20,6.67,56000
Xiaomi Black Shark 4 5G,Xiaomi,12,128,4500,48,20,6.67,66999
Tecno Pova 2,Tecno,6,128,7000,48,8,6.52,23499
Xiaomi Redmi 10,Xiaomi,4,64,5000,48,8,6.5,20199
Xiaomi Redmi 10,Xiaomi,4,128,5000,48,8,6.5,22599
Xiaomi Redmi 9C,Xiaomi,4,128,5000,13,5,6.53,18999
Oppo Reno6 5G,OPPO,8,128,4300,64,32,6.43,54000
Realme C21Y,Realme,4,64,5000,13,5,6.67,15199
Realme C21Y,Realme,3,32,5000,13,5,6.67,15899
Tecno Spark 8,Tecno,3,64,5000,16,8,6.52,13000
Samsung Galaxy M01s,Samsung,3,32,4000,13,8,6.2,15899
Samsung Galaxy A03s,Samsung,4,64,5000,13,5,6.5,17999
Nokia C30,Nokia,3,64,6000,13,5,6,16999
Nokia C30,Nokia,2,32,6000,13,5,6,15899
Samsung Galaxy A03s,Samsung,3,32,5000,13,5,6.5,16899
Realme C12,Realme,3,64,4500,13,5,6.5,15000
Xiaomi Poco X3 Pro NFC,Xiaomi,6,128,5160,48,20,6.67,29999
Xiaomi Poco X3 Pro NFC,Xiaomi,8,256,5160,48,20,6.67,35999
Xiaomi Redmi Note 10 Pro,Xiaomi,8,256,5020,108,16,6.67,35999
Xiaomi Black Shark 4 5G,Xiaomi,8,128,4500,48,20,6.67,58000
Xiaomi Redmi K40 Pro 5G,Xiaomi,6,128,4520,64,20,6.67,48999
Xiaomi Redmi K40 Pro 5g,Xiaomi,8,128,4520,64,20,6.67,54999
Xiaomi Redmi K40 Pro 5G,Xiaomi,12,256,4520,64,20,6.67,56999
Xiaomi Redmi K40 5G Gaming Edition,Xiaomi,12,256,5065,64,16,6.67,46599
Xiaomi Redmi K40 Gaming Edition 5G,Xiaomi,8,256,5065,64,16,6.67,44999
Xiaomi Black Shark 3 5G,Xiaomi,8,128,4720,64,20,6.67,56000
Xiaomi Black Shark 3 5G,Xiaomi,12,256,4720,64,20,6.67,67500
Xiaomi Mi 11 5G,Xiaomi,8,256,4600,108,20,6,76999
Xiaomi Mi 11 5G,Xiaomi,8,128,4600,108,20,6,69999
Xiaomi Redmi 9C,Xiaomi,3,64,5000,13,5,6.53,15499
Xiaomi Mi 10 Lite 5G,Xiaomi,6,128,4160,48,16,6.57,34999
Samsung Galaxy A12,Samsung,4,128,5000,48,8,6.5,21599
Samsung Galaxy A02,Samsung,2,32,5000,13,5,6.5,14599
Samsung Galaxy S20 Plus 4G,Samsung,8,128,4500,12,10,6.7,83999
Samsung Galaxy A72,Samsung,8,128,5000,64,32,6.7,49999
Samsung Galaxy A52 4G,Samsung,8,256,4500,64,32,6.5,44399
Samsung Galaxy A52 4G,Samsung,8,128,4500,64,32,6.5,42999
Samsung Galaxy A52 4G,Samsung,8,128,4500,64,32,6.5,42899
Samsung Galaxy S21 Ultra 5G,Samsung,12,128,4500,108,40,6,105000
Samsung Galaxy S21 Ultra 5G,Samsung,12,256,4500,108,40,6,132999
Samsung Galaxy S21 Ultra 5G,Samsung,16,512,4500,108,40,6,143400
Samsung Galaxy Note 20 Ultra 5G,Samsung,12,256,4500,108,32,6.9,118899
Samsung Galaxy S20 FE 5G,Samsung,8,128,4500,12,32,6.5,58299
Samsung Galaxy M31,Samsung,8,128,6000,64,32,6.4,30000
Samsung Galaxy M31,Samsung,6,128,6000,64,32,6.4,26000
Samsung Galaxy Z Fold 2 5G,Samsung,12,256,4500,12,10,7.6,180299
Samsung Galaxy S20 5G,Samsung,8,128,4000,12,10,6.2,93000
Cubot Note 7,Cubot,2,16,3100,13,5,5.5,10299
Infinix HD Smart 2021,Infinix,2,32,5000,8,5,6,10000
Huawei Y6P,Huawei,3,64,5000,13,8,6.3,17499
Huawei Y9A,Huawei,8,128,4200,64,16,6.63,37999
Huawei Y5P,Huawei,2,32,3020,8,5,5.45,13999
Huawei P40 Pro 5G,Huawei,8,256,4200,50,32,6.5,100000
Huawei Honor 9X Lite,Huawei,4,128,3750,48,8,6.5,20000
Huawei Mate 40 Pro 5G,Huawei,8,256,4400,50,13,6.76,105000
Huawei P40 Lite,Huawei,6,128,4200,48,16,6.4,32999
Huawei Y7P,Huawei,4,64,4000,48,8,6.3,18000
Huawei P30 Lite,Huawei,6,128,3340,48,32,6,25000
Huawei Nova 10s,Huawei,6,64,4000,48,16,6.3,25000
Huawei Nova 5Z,Huawei,6,64,4000,48,32,6.26,25000
Huawei Y9 Prime 2019,Huawei,4,64,4000,16,16,6.59,20000
HTC Desire 21 Pro 5G,HTC,6,128,5000,48,32,6.7,32100
HTC Desire 20 Pro,HTC,6,128,5000,48,25,6.5,30000
OnePlus 8T 5G,OnePlus,12,256,,48,16,6.55,49799
OnePlus 8 Pro 5G,OnePlus,12,256,,48,16,6.7,62499
Oneplus 8 Pro 5G,OnePlus,8,128,,48,16,6.7,52499
OnePlus 8 5G,OnePlus,12,256,4300,48,16,6.55,65000
OnePlus 8 5G,OnePlus,8,128,4300,48,16,6.55,55000
OnePlus 7T Pro 5G McLaren,OnePlus,12,256,4085,48,16,6.67,77500
OnePlus 7T Pro,OnePlus,8,256,4085,48,16,6.67,55000
Vivo Y90,Vivo,2,16,4030,8,5,6.22,11000
Vivo Y19,Vivo,4,128,5000,16,16,6.53,27000
Vivo Y15,Vivo,4,64,5000,13,16,6.35,20000
Vivo Y12,Vivo,3,64,5000,13,8,6.35,15000
Vivo Y11,Vivo,3,32,5000,13,8,6.35,15000
Apple i SE 2020,Apple,3,128,1821,12,7,4.7,77999
Apple i 11,Apple,4,64,3110,12,12,6,86999
Apple i 11 Pro,Apple,4,256,3046,12,12,5,101299
Apple i 11 Pro Max,Apple,4,256,3969,12,12,6.5,125000
Samsung Galaxy S20 4G,Samsung,8,128,4000,12,10,6.2,69600
Samsung Galaxy A72,Samsung,8,256,5000,64,32,6.7,57999
Samsung Galaxy A02,Samsung,3,64,5000,13,5,6.5,14899
Samsung Galaxy S21 Plus 5G,Samsung,8,128,4800,12,10,6.7,98999
Samsung Galaxy S21 5G,Samsung,8,128,4000,12,10,6.2,80699
Oneplus 9R 5G,OnePlus,8,128,4500,48,16,6.55,51499
OnePlus 9R 5G,OnePlus,12,256,4500,48,16,6.55,56999
OnePlus 9 Pro 5G,OnePlus,8,256,,48,16,6.7,73599
OnePlus N10 5G,OnePlus,6,128,,64,16,6.49,35999
OnePlus 9 Pro 5G,OnePlus,12,256,,48,16,6.7,79999
OnePlus 8T Cyberpunk 2077 Limited Edition,OnePlus,12,256,,48,16,6.55,72599
Vivo V19,Vivo,8,128,4500,48,32,6.44,41000
Ulefone Note 9P,Ulefone,4,64,4500,16,8,6.52,15500
Apple i 12 Pro,Apple,6,256,2815,12,12,6,129999
Apple i 12,Apple,4,256,2815,12,12,6,119999
Tecno Pop 5,Tecno,1,16,5000,5,8,6,9499
Tecno Pop 3,Tecno,1,16,3500,5,8,5.7,8499
Tecno Pop 2F,Tecno,1,16,2400,5,8,5.45,7999
Infinix Hot 10,Infinix,4,64,5200,16,8,6.7,17999
Nokia 5.4,Nokia,4,128,4000,48,20,6.39,20800
Nokia C1,Nokia,1,16,2400,5,5,5.45,7899
Oppo Reno 5F,OPPO,8,128,4310,48,32,6.43,33000
Oppo Reno 5 5G,OPPO,8,128,5000,64,32,6.43,42000
Oppo A74,OPPO,4,128,5000,48,16,6.43,30000
Oppo A54,OPPO,4,64,5000,13,16,6.5,25000
Samsung Galaxy S21 5G,Samsung,8,256,4000,12,10,6.2,93999
Samsung Galaxy S21 Plus 5G,Samsung,8,256,4800,12,10,6.7,107899
Samsung Galaxy S10,Samsung,8,128,3400,12,10,6,70000
Samsung Galaxy S10+,Samsung,8,512,4100,12,10,6.4,100000
Samsung Galaxy S10+,Samsung,8,128,4100,12,10,6.4,80000
Samsung Galaxy S10 Lite,Samsung,6,128,4500,48,32,6.7,60000
Samsung Galaxy Note 10 Plus,Samsung,12,256,4300,12,10,6,95000
Samsung Galaxy Note 10 Lite,Samsung,6,128,4500,12,32,6.7,55000
Samsung Galaxy Fold,Samsung,4,128,4380,12,10,7.3,258999
Realme C15,Realme,4,128,6000,13,8,6.5,20000
Xiaomi Redmi 9A,Xiaomi,2,32,5000,13,5,6.53,12999
Xiaomi Redmi Note 9S,Xiaomi,6,128,5020,48,16,6.67,26999
HTC U20 5G,HTC,8,256,5000,48,32,6,36999
Vivo Y17,Vivo,4,128,5000,13,20,6.67,25000
OnePlus 7 Pro,OnePlus,12,256,4000,48,16,6.67,53999
OnePlus 7 Pro,OnePlus,8,256,4000,48,16,6.67,47999
OnePlus 9 5G,OnePlus,8,128,4500,48,20,6.55,57699
Samsung Galaxy Z Flip 3 5G,Samsung,8,256,3300,12,10,6.7,106899
Xtigi V12s,Xtigi,1,16,2800,5,2,5,8599
Xiaomi Mi Mix Fold,Xiaomi,12,512,5020,108,20,,182399
Xiaomi Mi 11 Pro 5G,Xiaomi,12,256,5000,50,20,6,82999
Xiaomi Mi 11 Pro 5G,Xiaomi,8,256,5000,50,20,6,78999
Xiaomi Mi 11 Pro 5G,Xiaomi,8,128,5000,50,20,6,75999
Xiaomi Mi 11 5G,Xiaomi,12,256,4600,108,20,6,83999
Lenovo Legion Duel Gaming 5G,Lenovo,16,512,5000,64,20,6.65,62000
Samsung Galaxy M32 4G,Samsung,6,128,5000,64,20,6,26599
Huawei Y6 Prime 2019,Huawei,3,64,3020,13,8,6,17000
Xiaomi Poco X3 GT 5G,Xiaomi,8,256,5000,64,16,6.6,40299
Xiaomi Poco X3 GT 5G,Xiaomi,8,128,5000,64,16,6.6,36499
Safaricom Neon Ray 2 4g Single ,Neon ray,1,16,2000,5,2,5,4599
OnePlus Nord 2 5G,OnePlus,12,256,4500,50,32,6.43,55999
OnePlus Nord 2 5G,OnePlus,8,128,4500,50,32,6.43,47999
Ulefone Armor 9E,Ulefone,8,128,6600,64,8,6.3,45000
Ulefone Armor 9,Ulefone,8,128,6600,64,8,6.3,56000
Ulefone Armor 7e,Ulefone,4,128,5500,48,16,6.3,28999
Ulefone Armor 7,Ulefone,8,128,5500,48,16,6.3,35499
Ulefone Note 9,Ulefone,4,64,4500,16,8,6.52,14999
Ulefone Note 7T,Ulefone,2,16,3500,8,5,6,9999
Ulefone S11,Ulefone,1,16,3500,8,5,6,8999
Huawei Mate 20 Lite,Huawei,4,64,3750,20,24,6.3,20999
Iconix C703 Kids Tablet,IConix,2,32,,,,,5999
Samsung Galaxy M62,Samsung,8,128,7000,64,32,6.7,49899
Xiaomi Mi 11 Lite 5G,Xiaomi,8,128,4250,64,16,6.55,40599
iTel P37,itel,2,32,5000,8,8,6.5,9999
Ulefone Armor X8,Ulefone,4,64,5080,13,8,5.7,17499
Apple i 13 Pro Max,Apple,6,512,4352,12,12,6,184599
Infinix Zero X Pro,Infinix,8,256,4500,108,16,6.67,39999
Xiaomi K40 Pro Plus 5G,Xiaomi,12,256,4520,108,20,6.67,61999
Cubot C20,Cubot,4,64,4200,12,8,6,13599
Samsung Galaxy A52 5G,Samsung,8,256,4500,64,32,6.5,53999
Huawei P30 Lite,Huawei,6,256,3340,48,32,6,33999
Xiaomi Mi 11 Ultra 5G,Xiaomi,12,512,5000,50,20,6,125899
Xtigi M20s,Xtigi,4,64,5000,13,8,6.67,15999
Xiaomi Redmi 10,Xiaomi,6,128,5000,48,8,6.5,24899
Samsung Galaxy A52S 5G,Samsung,8,128,4500,64,32,6.5,46899
Apple i 12 Mini,Apple,4,64,2227,12,12,5.4,79999
Apple i 12 Mini,Apple,4,256,2227,12,12,5.4,102999
Apple i 12 Mini,Apple,4,128,2227,12,12,5.4,84999
Apple i 12 Pro,Apple,6,512,2815,12,12,6,145999
Apple i 11 Pro Max,Apple,4,64,3969,12,12,6.5,110000
Samsung Galaxy S20 FE 5G,Samsung,8,128,4500,12,32,6.5,67999
Samsung Galaxy F42 5G,Samsung,6,128,5000,64,8,6.6,32999
Itel A33 Plus,itel,1,16,3020,5,2,5,7399
Tecno Pova Neo,Tecno,4,64,6000,13,8,6,17499
Vivo Y21,Vivo,4,64,5000,13,8,6.5,21999
Xiaomi Mi 11T 5G,Xiaomi,8,256,5000,108,16,6.67,51099
Xiaomi Mi 11T Pro 5G,Xiaomi,12,256,5000,108,16,6.67,79999
Xiaomi Mi 11T Pro 5G,Xiaomi,8,256,5000,108,16,6.67,65999
Tecno Camon 18,Tecno,4,128,5000,48,16,6,26999
Xtigi A10C,Xtigi,15,32,4000,8,8,6.3,12299
Realme 6,Realme,6,128,4300,64,16,6.5,30000
Oppo A55,OPPO,4,128,5000,50,16,6.5,24999
Realme C25Y,Realme,4,128,5000,50,8,6.5,19399
Itel A24,itel,1,16,2400,5,2,5,4999
Samsung Galaxy A32 4G,Samsung,8,128,5000,64,20,6.4,38599
Infinix Hot 11 Play,Infinix,4,128,5200,13,8,6.6,18599
Infinix Note 11,Infinix,4,128,5000,50,16,6.7,23499
Infinix Note 11i,Infinix,4,64,5000,48,16,6.95,18499
Vivo V21,Vivo,8,128,4000,64,44,6.44,39699
Oppo Reno 3,OPPO,8,128,4025,48,44,6.4,35299
Vivo Y33s,Vivo,4,128,5000,50,16,6.5,24499
Infinix Smart 5 4G,Infinix,2,32,5000,13,8,6.6,11299
Infinix Smart 5,Infinix,2,32,5000,13,8,6.6,10599
Samsung Galaxy Tab A7 Tablet,Samsung,3,32,7040,8,,,35999
Realme GT Master 5G,Realme,8,128,4300,64,32,6.43,45899
Samsung Galaxy Tab A7 Lite,Samsung,3,32,5100,8,2,,23599
Realme C11,Realme,3,32,5000,13,5,6.5,13599
Itel A14 Plus,itel,1,8,2500,2,2,4,5999
Itel A16 Plus,itel,1,8,2050,5,2,5,5799
Samsung Galaxy M12,Samsung,6,128,5000,48,8,6.5,23899
Itel A56,itel,1,16,4000,8,5,6,8399
Itel s16,itel,4,64,4000,8,8,6.5,9000
Nokia C10,Nokia,2,32,3000,5,5,6.52,10299
Xtigi V7 Max,Xtigi,1,8,1900,3,3,4,4599
Xtigi V8 Max,Xtigi,1,8,1900,2,2,4,5299
Oneplus 6,OnePlus,8,128,3300,16,16,6.2,29999
Xiaomi Redmi Note 11 Pro,Xiaomi,8,128,5000,108,16,6.67,42999
Oneplus 6,OnePlus,8,256,3300,16,16,6.2,32999
Samsung Galaxy A52S 5G,Samsung,8,256,4500,64,32,6.5,53999
Samsung Galaxy M32 5G,Samsung,6,128,5000,,,6,32999
Xtigi Joy 8 Mate Tablet,Xtigi,1,32,4000,5,2,,12599
Nokia C20,Nokia,2,32,3000,5,5,6.52,12999
Samsung Galaxy Tab S6 Lite,Samsung,4,64,7040,8,5,,56899
Realme 9i,Realme,6,128,5000,50,16,6.6,26999
Xtigi V12,Xtigi,1,8,2800,5,2,5,7299
Xtigi V18 Pro,Xtigi,2,16,3200,8,5,5,8199
Samsung Galaxy S22 5G,Samsung,8,256,3700,50,10,6,98999
Xtigi Hero Book Tablet,Xtigi,4,128,4000,,2,,21999
Tecno Spark 8C,Tecno,3,64,5000,13,8,6.6,14899
Infinix Hot 11 Play,Infinix,4,64,6000,13,8,6,16999
Samsung Galaxy Tab A8 10.5,Samsung,3,32,704,8,5,,36999
Oppo A96,OPPO,8,256,5000,50,,6.59,38699
Samsung Galaxy Tab A8 10.5,Samsung,4,64,7040,8,5,,45299
Huawei Mediapad T3 10,Huawei,2,32,4800,2,5,,18999
Samsung Galaxy A23,Samsung,4,64,5000,50,8,6.6,27399
Xiaomi Black Shark 4 Pro 5G,Xiaomi,8,128,5000,64,20,6.67,75999
Samsung Galaxy A23,Samsung,4,128,5000,50,8,6.6,35799
ZTE Nubia Red Magic 7 5G,ZTE,12,128,4500,64,8,6,94299
ZTE Nubia Red Magic 7 5G,ZTE,16,256,4500,64,8,6,101599
ZTE Nubia Red Magic 7 5G,ZTE,8,256,4500,64,8,6,120999
Asus Rog  5s,Asus,12,256,6000,64,24,6.7,85299
Asus Rog  5s,Asus,16,256,6000,64,24,6.7,99499
Asus Rog  5s,Asus,18,512,6000,64,24,6.7,92599
Xiaomi 12 Pro 5G,Xiaomi,12,256,4600,50,32,6.73,118999
OnePlus 10 Pro,OnePlus,12,512,5000,48,32,6.7,107999
Infinix Hot 12i,Infinix,3,64,5000,13,8,6.6,15699
OnePlus 10 Pro,OnePlus,8,256,5000,48,32,6.7,98899
OnePlus 10 Pro,OnePlus,8,128,5000,48,32,6.7,95199
Infinix Hot 12i,Infinix,2,64,5000,13,8,6.6,14399
Infinix Smart 6 3G,Infinix,2,32,5000,8,5,6.6,13599
Realme GT Neo 2,Realme,12,256,5000,64,16,6.62,60499
Xtigi M20s,Xtigi,3,32,5000,13,8,6.49,10599
Xiaomi Redmi K40 5G,Xiaomi,8,128,4520,48,20,6.67,38599
ZTE Nubia Red Magic 7 Pro 5G,ZTE,16,256,5000,64,6,,126999
Xiaomi Redmi 10A,Xiaomi,2,32,5000,13,5,6.53,13999
Xiaomi Redmi 10A,Xiaomi,3,64,5000,13,5,6.53,15499
Xiaomi Redmi 10A,Xiaomi,4,128,5000,13,5,6.53,19799
Xiaomi Poco M4 Pro 5G,Xiaomi,4,64,5000,50,16,6.6,28599
Huawei Nova 9 SE,Huawei,8,128,4000,108,16,,39999
ZTE Nubia Red Magic 7 Pro 5G,ZTE,16,512,5000,64,6,,130099
OnePlus 10R,OnePlus,8,128,5000,50,16,6.7,67599
OnePlus 10R,OnePlus,12,256,5000,50,16,6.7,69999
Samsung Galaxy S22 Plus 5G,Samsung,8,256,4500,50,10,6.6,123199
Samsung Galaxy Z Fold 3 5G,Samsung,12,256,4400,12,4,7.6,166999
Infinix Hot 12,Infinix,4,128,5000,13,8,6,23699
Infinix Hot 12 Play,Infinix,4,64,6000,13,8,6,17999
Infinix Note 12i,Infinix,4,128,5000,50,,6,25999
Tecno Pop 6 Go 3G,Tecno,2,32,4000,5,5,6,10999
Nokia G21,Nokia,4,128,5050,50,8,6.5,21499
Oppo A16,OPPO,4,64,5000,13,8,6.52,21499
Apple i SE 3 2022,Apple,4,64,2018,12,7,4.7,78599
Apple i SE 3 2022,Apple,4,128,2018,12,7,4.7,99899
Infinix Hot 12 Play,Infinix,4,128,6000,13,8,6,20899
Infinix Note 12,Infinix,8,128,5000,50,16,6.7,29999
Infinix Note 12 VIP,Infinix,8,256,4500,108,16,6.7,45699
Apple Iphone 13 Pro,Apple,6,512,3095,12,12,6,185499
Tecno Camon 19 Pro 5G,Tecno,8,256,5000,64,32,6,46599
Tecno Camon 19 Pro 4G,Tecno,8,256,5000,64,32,6,37999
Apple Ipad Air 5 ,Apple,8,64,,12,12,,112199
Apple Ipad Air 5 5G,Apple,8,64,,12,12,,107999
Tecno Camon 19,Tecno,6,128,5000,64,16,6,28599
Tecno Spark 9 Pro Sport Edition,Tecno,4,128,5000,50,32,6.6,21599
Tecno Spark 9T,Tecno,4,64,5000,13,32,6.6,17199
Xiaomi Redmi K50 Pro,Xiaomi,12,512,5000,108,20,6.67,88999
Samsung Galaxy F22,Samsung,6,128,6000,48,13,6.4,24699
Xiaomi Poco C40,Xiaomi,4,64,6000,13,5,6.7,17299
Xiaomi Poco X4 GT,Xiaomi,8,256,5080,64,16,6.6,53699
Xiaomi 12 Pro 5G,Xiaomi,8,256,4600,50,32,6.73,95999
Xiaomi 12 Pro 5G,Xiaomi,8,128,4600,50,32,6.73,86999
Xiaomi 12X 5G,Xiaomi,8,128,4500,50,32,6.2,59999
Xiaomi 12X 5G,Xiaomi,12,256,4500,50,32,6.2,62199
Ulefone Armor X10,Ulefone,4,32,5180,13,5,5.45,15999
OnePlus Nord N20 SE,OnePlus,4,64,5000,50,8,6.56,21299
Nothing  1 5G,Nothing,8,256,4500,50,16,6.5,63999
OnePlus 10T,OnePlus,8,128,4800,50,16,6.7,83999
Oppo A77,OPPO,4,128,5000,50,8,6.56,27599
Nothing  1 5G,Nothing,12,256,4500,50,16,6.5,72999
ZTE Red Magic 7s Pro,ZTE,18,512,5000,64,16,6,129999
ZTE Red Magic 7s Pro,ZTE,16,512,5000,64,16,6,139699
Itel A26 4G,itel,2,32,3020,5,2,5.7,8199
Oppo A57,OPPO,4,64,5000,13,8,,22499
Nokia G20,Nokia,4,64,5050,48,8,6.5,18699
Realme 9,Realme,8,128,5000,108,16,6.4,33699
Tecno Camon 19 Pro 4G Mondrian Edition,Tecno,8,256,5000,64,32,6,40999
Apple iPad Pro 11 3rd Gen,Apple,8,128,7538,12,12,,149999
Apple Iphone 14,Apple,6,256,3279,12,12,6,133299
Apple Iphone 14,Apple,6,256,3279,12,12,6,162599
OnePlus Nord CE 2 Lite 5G,OnePlus,6,128,5000,64,,6.59,35999
Tecno Pop 6 Pro 4G,Tecno,2,32,5000,8,5,6.6,13999
Xiaomi Redmi A1+,Xiaomi,2,32,5000,8,5,6.52,14499
Samsung Galaxy Z Fold 4,Samsung,12,256,4400,50,10,7.6,188499
Xiaomi Redmi K50i 5G,Xiaomi,8,256,5080,64,16,6.6,48699
Tecno Pop 6 Go 3G,Tecno,1,16,4000,5,5,6,8999
Xiaomi Poco M5s 4G,Xiaomi,8,256,5000,64,13,6.43,29599
Google Pixel 7 Pro 5G,Google Pixel,12,256,5000,50,10,6.7,152699
Oppo A77s,OPPO,8,128,5000,50,8,6.56,31599
ZTE Red Magic 7s Pro,ZTE,12,256,5000,64,16,6,125999
Asus Rog  5s,Asus,8,128,6000,64,24,6.7,74499
OnePlus Ace Pro,OnePlus,12,256,4800,50,16,6.7,74299
Xiaomi Black Shark 5 Pro 5G,Xiaomi,16,256,4650,108,16,6.67,118999
Asus Rog 6 5G,Asus,12,256,6000,50,12,6.7,136999
Apple i 14 Pro,Apple,6,512,3200,48,12,6,225499
Samsung Galaxy M13 4G,Samsung,6,128,,50,8,6.6,28699
Apple Iphone 14 Plus,Apple,6,128,,12,12,6.7,155299
Apple Iphone 14 Plus,Apple,6,256,,12,12,6.7,147999
Apple Iphone 14 Plus,Apple,6,512,,12,12,6.7,154599
Realme C30s,Realme,4,64,5000,8,5,6.5,17999
Huawei Matepad T8,Huawei,2,32,5100,5,2,,18499
Itel S18 4G,itel,2,64,5000,8,,,11499
Amazon Fire HD 8 Plus,Amazon,3,32,,2,2,,16599
Xiaomi Black Shark 5 Pro 5G,Xiaomi,8,128,4650,108,16,6.67,95999
Asus Rog 6D Ultimate 5G,Asus,16,512,6000,50,12,6.7,179999
Xiaomi Poco M5,Xiaomi,4,64,5000,50,5,6.5,22699
Xiaomi Poco M5s 4G,Xiaomi,4,128,5000,64,13,6.43,26799
Lenovo Tab P11 Plus,Lenovo,4,128,7700,13,8,,64599
Huawei Nova Y90,Huawei,6,128,5000,50,8,6.7,31599
Samsung Galaxy F13,Samsung,4,128,6000,50,8,6.6,27699
Huawei P50 Pocket 5G,Huawei,8,256,4000,40,10,6.9,110299
Alldocube Kids Mate 7 Tablet,Alldocube,2,32,3200,2,0,7,10699
Asus zenfone 9 5G,Asus,8,256,4300,50,12,5.9,119399
Xiaomi Redmi Pad ,Xiaomi,4,128,8000,8,8,,33599
Xiaomi Redmi Pad ,Xiaomi,6,128,8000,8,8,,37899
Xtigi Kids 5 Mini,Xtigi,3,32,3500,2,2,5,9299
Xtigi Kids 2,Xtigi,1,16,2000,2,2,3.5,6499
Lenovo Tab M10 HD Gen 2,Lenovo,4,64,5000,8,5,,33699
OnePlus 11,OnePlus,8,128,5000,50,16,6.7,98599
Oppo Reno 8T 5G,OPPO,8,256,4800,108,32,6.7,58999
Apple iPad Pro 11 Inch M2 ,Apple,8,128,7538,12,12,,140299
Xiaomi 13 Pro 5G,Xiaomi,12,512,4820,50,32,6.73,140999
Itel A60 4G,itel,2,32,5000,5,8,6.6,10199
Infinix Smart 7 Plus 4G,Infinix,2,32,6000,13,5,6.6,14599
OnePlus 11R,OnePlus,16,256,5000,50,16,6.74,95899
Vivo X90 Pro,Vivo,12,256,5000,50,32,6.7,145299
Apple Ipad Pro 6th Gen 12.9 5G,Apple,8,256,10758,12,12,,206599
Samsung Galaxy A14,Samsung,4,64,5000,50,13,6.6,24999
Samsung Galaxy A14,Samsung,4,128,5000,50,13,6.6,23599
Google Pixel 6 Pro 5G,Google Pixel,12,512,5003,50,11,6.7,95299
Samsung Galaxy A54 5G,Samsung,8,128,5000,50,32,6.4,57999
Samsung Galaxy A34 5G,Samsung,6,128,5000,48,13,6.6,44299
Xiaomi Redmi Note 12 Pro Plus,Xiaomi,12,256,5000,200,16,6.67,58999
Infinix Hot 30i 4G,Infinix,4,128,5000,13,8,6.56,18599
Infinix Smart 7 HD 4G,Infinix,2,64,5000,8,5,6.6,13599
Tecno Spark 10C,Tecno,4,128,5000,16,8,6.6,18899
Tecno Spark 10C,Tecno,8,128,5000,16,8,6.6,18499
Tecno Camon 20,Tecno,8,256,5000,64,32,6.67,29899
Xtigi S1 4G,Xtigi,2,16,5000,13,5,5,8599
Samsung Galaxy A24,Samsung,4,128,5000,50,13,6.5,36999
Samsung Galaxy A24,Samsung,6,128,5000,50,13,6.5,40299
Tecno Camon 20 Pro,Tecno,8,256,5000,64,32,6.67,37599
Xtigi S1 4G,Xtigi,3,32,5000,13,5,5,9499
Samsung Galaxy F04,Samsung,4,64,5000,13,5,6.5,21399
Xiaomi Redmi Note 12 Pro 5G,Xiaomi,8,256,5000,50,16,6.67,46899
Itel A57,itel,1,16,4000,5,8,6,7599
Alldocube KPAD Tablet  ,Alldocube,4,64,6000,5,5,,19899
Alldocube SMILE 10X Tablet  ,Alldocube,4,64,6000,5,2,,17399
Tecno Camon 20 Pro 5G,Tecno,8,256,5000,64,32,6.67,45999
Ulefone Note 13P,Ulefone,4,64,5180,20,16,6.5,16899
Xiaomi Mix Fold 2 5G ,Xiaomi,12,,4500,50,20,,262599
Ulefone Power 6,Ulefone,4,64,6350,16,16,6.3,16299
Tecno Camon 20 Premier 5G,Tecno,8,512,5000,50,32,6.67,62199
Samsung Galaxy A54 5G,Samsung,8,128,5000,50,32,6.4,58699
Samsung Galaxy Z Fold 5 5G,Samsung,12,512,4400,50,10,7.6,250299
Itel A60s 4G,itel,4,64,5000,8,5,6.6,15399
Samsung Galaxy Z Flip 5,Samsung,8,256,3700,12,10,3.7,152499
Samsung Galaxy Z Fold 5,Samsung,12,256,4400,50,10,7.6,279899
Infinix Note 30 VIP,Infinix,8,256,5000,108,32,6.67,48699
Nokia C32,Nokia,4,64,5000,50,8,6.5,18699
Vivo Y36 4G,Vivo,8,128,5000,50,16,6.64,36999
Oppo A98 5G,OPPO,8,256,5000,64,32,6.72,46599
Itel S23,itel,4,128,5000,50,8,6.6,17699
Samsung Galaxy A24,Samsung,8,128,5000,50,13,6.5,39699
Samsung Galaxy M04,Samsung,4,64,5000,13,5,6.5,21099
Samsung Galaxy F14 5G,Samsung,6,128,6000,50,13,6.6,33699
Nothing  2 5G,Nothing,12,256,4700,50,32,6.5,110999
Nothing  2 5G,Nothing,12,512,4700,50,32,6.5,130999
Oppo A38,OPPO,4,128,5000,50,5,6.56,23499
Google Pixel 8 5G,Google Pixel,8,128,4575,50,10,6.2,139999
Xiaomi Redmi 12,Xiaomi,4,128,5000,50,8,6.79,23699
Xiaomi Redmi 12,Xiaomi,8,128,5000,50,8,6.79,26899
OnePlus 11R,OnePlus,16,256,5000,50,16,6.74,101999
Xiaomi Redmi 12,Xiaomi,8,256,5000,50,8,6.79,28399
Google Pixel 8 Pro 5G,Google Pixel,12,128,5050,50,10,6.7,186999
Oppo A18,OPPO,4,128,5000,8,5,6.56,22999
Huawei Nova Y71 4G,Huawei,8,128,6000,48,8,6.75,38699
Huawei Y91,Huawei,8,256,7000,50,8,6.95,65899
Infinix Zero 30 5G,Infinix,8,256,5000,108,50,6.7,54599
Infinix Smart 8 4G,Infinix,4,128,5000,13,8,6.6,17499
Tecno Phantom V Flip 5G,Infinix,8,256,4000,64,32,6.9,99999
Realme C51,Realme,4,128,5000,50,5,6.74,25999
Google Pixel 8 Pro 5G,Google Pixel,12,256,5050,50,10,6.7,189299
Google Pixel 8 Pro 5G,Google Pixel,12,512,5050,50,10,6.7,203599
Infinix Hot 40i 4G,Infinix,4,128,5000,50,32,6.6,19699
Infinix Hot 40i 4G,Infinix,8,256,5000,50,32,6.6,24699
Samsung Galaxy A15,Samsung,4,128,5000,50,13,6.5,26999
Redmi Note 13 Pro Plus,Xiaomi,12,256,5100,200,16,6.67,67000
Infinix Hot 40 Pro 4G,Infinix,8,256,5000,50,32,6.7,32699
Oppo Find N3,OPPO,12,512,4805,48,20,7,199999
Tecno Pouvoir 2 Air,Tecno,1,16,5000,13,8,6,10500
Samsung Galaxy Note 9 ,Samsung,6,,,,,,80000
Samsung Galaxy A30,Samsung,3,32,4000,16,16,6.4,18900
Samsung Galaxy A10,Samsung,2,32,3400,13,5,6.2,12200
Samsung Galaxy Note 10 5G,Samsung,12,256,3500,12,10,6.3,135000
Samsung Galaxy Note10 Plus,Samsung,12,512,4300,12,10,6,123000
Samsung Galaxy Note10 Plus 5G,Samsung,12,256,4300,12,10,6,
Oppo K3,OPPO,6,64,3765,16,16,6.39,26400
Oppo F15,OPPO,8,128,4025,48,16,6.4,28500
Nokia 2.1,Nokia,1,8,4000,8,5,5.5,8100
Nokia 3.1,Nokia,2,16,2990,13,8,5.2,10399
Nokia 8110 4G,Nokia,0.512,4,1500,2,,2.4,7200
Nokia 3.1 Plus,Nokia,2,2,3500,13,8,6,12500
Nokia 7.1,Nokia,3,32,3060,12,8,5,21500
Nokia 3.2,Nokia,3,32,4000,13,5,6.2,12000
Nokia 4.2,Nokia,2,16,3000,13,8,5.7,14500
Samsung Galaxy A22,Samsung,4,128,5000,48,13,6.4,22500
Samsung Galaxy A32,Samsung,6,128,5000,64,20,6.4,34800
Samsung Galaxy S22 Plus 5G,Samsung,8,256,4500,50,10,6.6,101000
Samsung Galaxy M13 5G,Samsung,4,64,5000,50,5,6.4,20300
Huawei Nova Y90,Huawei,8,128,5000,50,8,6.7,30500
OnePlus 11 Pro 5G,OnePlus,12,256,5000,48,32,6.7,89000
OnePlus Nord 2 5G,OnePlus,8,128,4500,50,32,6.43,42500
Xiaomi Mi 11 Ultra,Xiaomi,12,256,5000,50,20,6,90000
Xiaomi 13 5G,Xiaomi,8,128,4500,50,32,6.36,98000
Huawei Nova Y61,Huawei,4,64,5000,50,5,6.52,25000
Xiaomi Redmi Note 6 Pro,Xiaomi,4,64,4000,12,20,6.26,19000
Xiaomi Redmi 6,Xiaomi,3,32,3000,12,5,5.45,12000
Xiaomi Redmi Note 7,Xiaomi,4,128,4000,48,13,6.3,20000
Xiaomi Redmi Note 7,Xiaomi,4,64,4000,12,13,6.3,18500
Xiaomi Redmi 7A,Xiaomi,2,32,4000,13,5,,10500
Xiaomi Redmi 7,Xiaomi,3,32,4000,12,13,6.26,14000
Xiaomi Redmi 6A,Xiaomi,2,32,3000,13,5,5.45,12000
Xiaomi Redmi Note 8 Pro,Xiaomi,6,64,4500,64,20,6.53,23500
Xiaomi Mi 9 Lite,Xiaomi,6,,,,,,29500
Xiaomi Redmi 8 ,Xiaomi,3,32,5000,12,8,6.22,15999
Xiaomi Redmi 8A + ,Xiaomi,2,32,5000,12,8,6.22,11500
Xiaomi Redmi Note 8T ,Xiaomi,3,32,4000,48,13,6.3,15500
Xiaomi Redmi Note 8T ,Xiaomi,4,64,4000,48,13,6.3,19000
Xiaomi Redmi Note 8T,Xiaomi,4,128,4000,48,13,6.3,20500
Xiaomi Redmi K30,Xiaomi,6,128,4500,64,20,6.67,29500
Xiaomi Redmi 8 ,Xiaomi,4,64,5000,12,8,6.22,15000
Xiaomi Redmi Note 8,Xiaomi,4,128,4000,48,13,6.3,22000
Xiaomi Redmi Note 9 Pro Max,Xiaomi,6,128,5020,64,32,6.67,24500
Xiaomi Redmi K30 Pro,Xiaomi,6,128,4700,64,20,6.67,58200
Xiaomi Redmi K30 Pro Zoom,Xiaomi,8,128,4700,64,20,6.67,66000
Xiaomi Poco F2 Pro,Xiaomi,6,128,4700,64,20,6.67,50500
Xiaomi Redmi 10X 4G,Xiaomi,4,128,5020,48,13,6.53,17000
Xiaomi Redmi Note 9,Xiaomi,3,64,5020,48,13,6.53,18500
Xiaomi Redmi 9i,Xiaomi,4,64,5000,13,5,6.53,11200
Xiaomi Redmi Note 9T 5G,Xiaomi,4,128,5000,48,13,6.53,24500
Xiaomi Redmi 9 Power,Xiaomi,4,64,6000,48,8,6.53,14900
Xiaomi Redmi Note 10S,Xiaomi,8,128,5000,64,13,6.43,24500
Xiaomi Redmi 9A,Xiaomi,2,32,5000,13,5,6.53,11300
Xiaomi Redmi 9C,Xiaomi,3,64,5000,13,5,6.53,14500
Xiaomi Redmi 9AT,Xiaomi,2,32,5000,13,5,6.53,10900
Xiaomi Redmi Note 9 Pro,Xiaomi,6,64,5020,64,16,6.67,23000
Xiaomi Redmi Note 8,Xiaomi,4,64,4000,48,13,6.3,18000
Xiaomi Redmi 9T,Xiaomi,4,64,6000,48,8,6.53,17300
Redmi Note 8 2021,Xiaomi,4,64,4000,48,13,6.3,
Redmi Note 10 Pro Max,Xiaomi,6,128,5000,108,16,6.67,34000
Redmi Note 10 Pro,Xiaomi,6,128,5020,108,16,6.67,29900
Redmi 10 Prime,Xiaomi,3,32,5020,13,8,6.53,
Xiaomi Redmi 10,Xiaomi,4,64,5000,50,8,6.5,19500
Redmi Note 11 5G,Xiaomi,4,128,5000,50,16,6.6,25500
Redmi Note 11T 5G,Xiaomi,4,64,5000,50,16,6.6,24500
Xiaomi Redmi Note 10 Lite,Xiaomi,6,128,5020,48,16,6.67,24500
Redmi K40,Xiaomi,6,128,4520,48,20,6.67,41500
Redmi Note 11,Xiaomi,4,128,5000,50,13,6.43,26500
Redmi Note 11 Pro Plus 5G,Xiaomi,8,256,4500,108,16,6.67,50500
Xiaomi Redmi K40S,Xiaomi,6,128,4500,48,20,6.67,32912
Xiaomi Redmi K50,Xiaomi,8,128,5500,48,20,6.67,73500
Xiaomi Redmi K50 Pro,Xiaomi,8,128,5000,108,20,6.67,54279
Xiaomi Redmi 10 2022,Xiaomi,4,64,5000,50,8,6.5,
Xiaomi 12,Xiaomi,8,256,4600,50,32,6.2,78000
Xiaomi Redmi 10 5G,Xiaomi,4,64,5000,50,5,6.5,23500
Xiaomi Redmi Note 11S 5G,Xiaomi,4,64,5000,50,13,6.6,31484
Xiaomi Redmi 10 Prime 2022,Xiaomi,4,64,5000,50,8,6.5,
Xiaomi Redmi 10 Power,Xiaomi,8,128,6000,50,5,6.7,
Redmi Note 11S 5G,Xiaomi,4,,5000,,,6.6,
Redmi Note 11T Pro,Xiaomi,6,128,5000,64,16,6.67,
Redmi Note 11T Pro Plus,Xiaomi,6,128,4400,64,16,6.67,
Xiaomi 12S,Xiaomi,8,128,4600,50,32,6.2,85000
Redmi K50i,Xiaomi,6,128,5080,64,16,6.67,45000
Redmi K50 Ultra,Xiaomi,8,128,5000,108,20,6.67,95500
Xiaomi Redmi A1,Xiaomi,2,32,5000,8,5,6.52,11500
Redmi 11 Prime 5G,Xiaomi,4,64,5000,50,5,6.5,25500
Redmi A1 Plus,Xiaomi,2,32,5000,8,5,6.52,12000
Xiaomi Redmi 11A,Xiaomi,2,32,5000,8,5,6.52,11500
Redmi Note 12 4G,Xiaomi,4,64,5000,50,13,6.67,21900
Redmi A2,Xiaomi,2,32,5000,8,5,6.52,
Redmi Note 13 Pro Plus,Xiaomi,8,256,5000,200,16,6.67,49000
Redmi Note 13 Pro 5G,Xiaomi,6,128,5000,50,16,6.67,
Redmi A3,Xiaomi,2,32,5000,8,5,6.52,
Redmi A3 Plus,Xiaomi,2,32,5000,8,5,6.52,11500
Redmi Note 13,Xiaomi,4,128,5000,50,13,6.67,
Redmi Note 13s,Xiaomi,6,64,5000,108,12,6.43,30400
Redmi Note 13 Pro 4G,Xiaomi,8,128,5000,108,16,6.67,
Redmi Note 12T Pro,Xiaomi,8,128,5080,64,16,6.6,49000
OnePlus Nord N30 5G,OnePlus,8,128,5000,108,16,6.72,
Samsung Galaxy A03,Samsung,3,32,5000,48,5,6.5,13600
itel p17,itel,1,,4000,,,5.45,7800
Infinix Hot 12 Play,Infinix,4,128,6000,13,8,6,15000
Xiaomi 14 Lite,Xiaomi,8,128,4500,50,32,6.55,
OnePlus V Fold 5G,OnePlus,12,256,4821,48,8,7.6,
Tecno Spark 4 Air,Tecno,2,32,3000,13,5,6,10500
Samsung Galaxy Tab A 10.1 2019,Samsung,2,32,6150,8,5,,28500
OnePlus 12,OnePlus,12,256,5000,50,16,6.7,
Itel P38,itel,2,32,5000,8,8,6.6,11200
Realme C35,Realme,4,,5000,,,,22500
Realme C11 2021,Realme,2,32,5000,13,5,6.5,11500
Infinix Hot 20i,Infinix,4,,5000,,,6.6,14000
Infinix Note 12 Pro 5G,Infinix,8,128,5000,108,16,6.7,36500
Infinix Note 12i,Infinix,4,128,5000,50,8,6,22900
Huawei Y9 2019,Huawei,4,64,4000,16,13,6.5,19800
Infinix Note 30i,Infinix,8,256,5000,64,16,6.66,
Samsung Galaxy Watch 4 Classic,Samsung,15,,,,,,23599
Red Magic 8 Pro,ZTE,12,256,6000,50,16,6,
Xiaomi 13 Ultra,Xiaomi,12,256,5000,50,32,6.73,
Samsung Galaxy A51,Samsung,4,128,4000,48,32,6.5,24000
Tecno Pop 6,Tecno,2,,5000,,,6,11500
Tecno Camon 19 Pro 5G,Tecno,8,256,5000,,,6,44500
Xiaomi Poco F3,Xiaomi,6,128,4520,48,20,6.67,38500
Oppo A1K,OPPO,2,32,4000,8,15,6,11500
Poco M5,Xiaomi,6,128,5000,50,5,6.5,23800
Poco C55,Xiaomi,8,256,5000,50,5,6.7,25500
Tecno Spark Go 2023,Tecno,4,64,5000,13,5,6.52,
Xiaomi 11T,Xiaomi,8,256,5000,108,16,6.67,53000
Xiaomi Poco M4 Pro,Xiaomi,4,64,5000,50,16,6.6,
Xiaomi 12S Ultra,Xiaomi,8,256,4860,50,32,6.73,140000
Samsung Galaxy S20 FE,Samsung,6,128,4500,12,32,6.5,46500
Samsung Galaxy S21 Ultra 5G,Samsung,12,256,5000,108,40,6,113500
Samsung Galaxy A52,Samsung,6,128,4500,64,32,6.5,37300
Samsung Galaxy A32 5G,Samsung,6,128,5000,48,13,6.5,33500
OnePlus Nord 2T 5G,OnePlus,8,128,4500,50,32,6.43,53000
OnePlus Nord CE 2 5G,OnePlus,6,128,4500,64,16,6.43,38000
Nokia C10 3G,Nokia,1,32,3000,5,5,6.52,10000
Nokia X10 5G,Nokia,6,,4470,,,6.67,22000
Infinix Hot 12,Infinix,4,,5000,,,6,20000
Tecno Pop 6 Pro,Tecno,2,,5000,,,6.6,12200
Vivo V17 Pro,Vivo,8,128,4100,48,32,6.44,39500
Xiaomi 12T,Xiaomi,8,256,5000,108,20,6.67,58500
Xiaomi 12T Pro,Xiaomi,12,128,5000,200,20,6.67,74500
Tecno Spark 9 Pro,Tecno,4,128,5000,50,32,6,21000
Tecno Spark 9 Pro Sport Edition,Tecno,4,128,5000,50,32,6,21000
Nokia C12 Pro,Nokia,2,64,3000,8,5,6.3,11300
OnePlus 8,OnePlus,8,128,4300,48,16,6.55,62500
Oppo A54,OPPO,4,,5000,,,6.5,21000
Oppo A16K,OPPO,4,,4230,,,6.52,14500
Nokia X20,Nokia,8,,4470,,,6.67,33000
Tecno Pop 5 GO,Tecno,1,16,4000,5,5,5.7,7500
Infinix Zero 5G,Infinix,8,128,5000,48,16,6.7,29500
Infinix Note 12 VIP,Infinix,8,256,4500,108,16,6.7,40500
Infinix Zero 20 4G,Infinix,8,128,4500,108,60,6.7,36500
Oppo Reno 8 5G,OPPO,8,,4500,,,6.43,54000
Oppo Find X6 Pro,OPPO,12,,5000,,,6,
Oppo Find X6,OPPO,12,,4800,,,6.74,
Tecno Spark 8C,Tecno,2,64,5000,13,8,6.6,14700
Xiaomi Mi 11 Lite 5G,Xiaomi,8,256,4250,64,20,6.55,42500
Lenovo Tab M8 2nd Gen,Lenovo,2,,5000,,,,19800
Lenovo Tab M10 HD Gen 2,Lenovo,4,,5000,,,,31000
Lenovo Tab P11 Plus,Lenovo,4,,7700,,,,62500
Oppo A76,OPPO,6,,5000,,,6.56,24500
Tecno Pouvoir 3 Plus,Tecno,4,64,6000,13,13,6.35,15000
i 13 Pro Max Alpine Green,Apple,6,,4373,,,6.7,150500
Apple i 13 Green,Apple,4,,2815,,,6,99000
Infinix Note 12,Infinix,8,128,5000,50,16,6.7,28500
Itel S16 Pro,itel,3,64,4000,13,16,6.6,12000
itel PrimeTab 1,itel,2,,4000,,,7,11700
OnePlus Ace 2V,OnePlus,12,128,5000,64,16,6.74,
Lenovo Tab M7 Gen 3,Lenovo,2,,3750,,,7,18900
Lenovo Tab K10,Lenovo,4,,7700,,,,40500
Infinix Smart 4,Infinix,2,16,4000,8,5,6.6,9800
Apple iPad Pro 12.9-Inch 2018,Apple,6,64,9720,12,7,,71000
Apple iPad Pro 11-Inch 2018,Apple,4,64,7812,12,7,,90000
Itel A58,itel,1,,4000,,,6.6,9000
Apple iPad 10.2 2020 8th Gen,Apple,3,32,,8,1,,60500
Apple iPad Pro 2020 12.9 inch,Apple,6,128,7812,12,7,,138000
Apple iPad Pro 2020 11 inch,Apple,6,128,7812,12,7,,105000
Infinix Hot 12i,Infinix,2,,5000,13,,6.6,13100
Samsung Galaxy S24 5G,Samsung,8,256,3900,50,12,6,120000
Samsung Galaxy S24 Plus 5G,Samsung,8,256,4700,50,12,6.6,132000
Samsung Galaxy S24 Ultra 5G,Samsung,12,256,5000,200,12,6,187000
Realme GT Neo 5 240W,Realme,16,,4600,,,6.74,
Oppo Reno 9 Pro Plus,OPPO,16,,4700,,,6.7,55900
Oppo Reno 9 5G,OPPO,8,,4500,,,6.7,55900
Samsung Galaxy M31,Samsung,6,128,6000,64,32,6.4,28500
Nokia 1.3,Nokia,1,16,3000,8,8,5.7,9000
Realme Pad,Realme,3,32,7100,8,8,,22000
Realme Pad  Only,Realme,3,32,7100,8,8,,20800
OnePlus 9 Pro,OnePlus,8,256,4500,48,16,6.7,82000
OnePlus Nord CE 5G,OnePlus,12,128,4500,64,16,6.43,32000
OnePlus Nord N10 5G,OnePlus,6,128,4300,64,16,6.49,32500
OnePlus 9RT 5G,OnePlus,8,128,4500,50,16,6.62,51500
OnePlus 10R,OnePlus,12,,5000,,,6.7,62000
Infinix Zero X Pro,Infinix,8,256,4500,108,16,6.67,34500
Infinix Smart 6 Plus,Infinix,2,32,5000,8,5,6,12700
Tecno Spark 9T,Tecno,4,128,5000,13,32,6.6,16500
Tecno Spark 9,Tecno,4,64,5000,13,8,6,15500
Oppo Reno 8 4G,OPPO,8,,4500,,,6.43,41300
Infinix Smart 7,Infinix,4,64,5000,13,5,6.6,12700
OnePlus 11 Concept,OnePlus,12,256,5000,50,16,6.7,114000
Nokia C02,Nokia,2,31,3000,5,2,5.45,8000
Oppo Reno 9 Pro,OPPO,16,,4500,,,6.43,55900
Oppo A9 2020,OPPO,8,128,5000,48,16,6.5,25000
Vivo Y53s,Vivo,8,128,5000,64,16,6.5,27000
Vivo Y21,Vivo,4,64,5000,13,8,6.5,18800
Vivo Y33s,Vivo,4,128,5000,50,16,6.5,23500
vivo V23e 4G,Vivo,8,128,4050,48,50,6.44,32500
Nokia G22,Nokia,4,,5050,,,6.52,
Poco X5 GT,Xiaomi,6,128,5000,64,16,6.67,49500
Tecno Phantom Vision V,Tecno,12,512,5000,108,20,,170000
Nokia C21,Nokia,2,,3000,,,6.52,12000
Huawei Nova Y70,Huawei,4,128,6000,48,8,6.75,22200
Huawei Nova 9,Huawei,8,128,4300,50,32,6.57,59000
i 13 Pro Alpine Green,Apple,6,,3095,,,6,130000
Samsung Galaxy M23 5G,Samsung,4,128,5000,50,8,6.5,28500
POCO X3 GT,Xiaomi,8,128,5000,64,16,6.6,36500
Xiaomi Poco F4 GT,Xiaomi,8,128,4700,64,20,6.67,60000
Samsung Galaxy A02,Samsung,2,32,5000,13,5,6.5,13300
Samsung Galaxy M12,Samsung,4,128,6000,48,8,6.5,22000
Samsung Galaxy M22,Samsung,6,128,5000,48,13,6.5,24500
Samsung Galaxy A52s 5G,Samsung,6,128,4500,64,32,6.5,38000
Samsung Galaxy A03s,Samsung,3,32,5000,13,5,6.5,14700
Samsung Galaxy Z Flip 3,Samsung,8,256,3300,12,10,6.7,92500
Samsung Galaxy M52 5G,Samsung,6,128,5000,64,32,6.7,35000
Realme C21Y,Realme,3,32,5000,13,5,6.5,13000
Realme 9,Realme,8,,5000,,,6.4,30500
Realme 9i,Realme,6,,5000,,,6.5,23500
OnePlus 9,OnePlus,12,256,4500,48,16,6.55,56500
OnePlus 9R,OnePlus,8,128,4500,48,16,6.55,52500
Oppo Reno 7 5G,OPPO,8,,4500,,,6.43,53500
Oppo Find X5 5G,OPPO,8,,4800,,,6.55,90000
HTC U20 5G,HTC,8,256,5000,48,32,6,48000
Google Pixel 5a 5G,Google Pixel,6,128,4680,,8,6.34,57000
Samsung Galaxy F42 5G,Samsung,4,128,5000,64,8,6.6,27500
Vivo Y02s,Vivo,2,32,5000,8,5,6.5,18800
Tecno Pova Neo 5G,Tecno,4,128,6000,50,8,6,26500
Samsung Galaxy A14 5G,Samsung,4,64,5000,50,8,6.6,
Infinix Zero 5G 2023,Infinix,8,256,,50,16,6.7,29500
Xiaomi Pad 5 Pro 12.4,Xiaomi,6,128,10000,50,20,,50000
Infinix Hot 20,Infinix,6,,5000,,,6,20000
Infinix Hot 20 Play,Infinix,4,,6000,,,6,20000
Tecno Pova Neo,Tecno,4,64,6000,13,8,6,16800
Tecno Pop 5 Pro,Tecno,2,32,6000,8,5,6.52,12600
Tecno Camon 18P,Tecno,8,128,5000,48,16,6,27200
Tecno Camon 18 Premier,Tecno,8,256,4750,64,32,6.7,27000
Poco C50,Xiaomi,3,32,6000,13,5,6.7,16500
Huawei Y5 Lite,Huawei,1,16,3020,8,5,5.45,8500
Sony Xperia L3,Sony,3,32,3300,13,13,5.7,20000
Samsung Galaxy A11,Samsung,2,32,4000,13,8,6.4,13500
Apple i 12 Mini,Apple,4,,2227,,,5.4,78000
Infinix S4,Infinix,4,64,4000,13,32,6.2,15500
Itel P37 Pro,itel,2,32,5000,13,8,6,
Oppo Reno 5 4G,OPPO,8,128,4310,64,44,6.4,38500
OnePlus Nord,OnePlus,8,128,4115,48,32,6.44,42500
Tecno Camon 18,Tecno,4,128,5000,48,16,6,22700
Vivo Y11,Vivo,3,32,5000,13,8,6.35,14500
Oppo A12,OPPO,4,64,4230,13,5,6.22,18000
Oppo A53,OPPO,4,64,5000,13,16,6.5,18000
Samsung Galaxy A30s,Samsung,4,64,4000,25,16,6.4,22500
Huawei Y9a,Huawei,6,128,4200,64,16,6.63,33500
Oppo A31 + ,OPPO,4,128,4230,12,8,6.4,20500
Nokia 5.4,Nokia,4,128,4000,48,16,6.39,21000
Oppo F11,OPPO,4,64,4020,48,16,6.5,27500
Poco X3 Pro,Xiaomi,8,256,5160,48,20,6.67,35500
Infinix Note 12 2023,Infinix,8,256,5000,108,16,6.7,28000
Tecno Camon 15,Tecno,4,64,5000,48,16,6.55,16500
Sony Xperia 1,Sony,6,128,3300,12,8,6.5,28500
Realme GT Master,Realme,6,128,4300,64,32,6.43,36000
Realme C25Y,Realme,4,128,5000,50,8,6.5,17500
Oppo A16,OPPO,4,,5000,,,6.52,21500
Google Pixel 3 XL,Google Pixel,4,64,3430,,8,6.3,42000
Realme C15,Realme,3,64,6000,13,8,6.5,17500
Infinix Hot 20S,Infinix,8,,5000,,,6.7,20000
Xiaomi 12 Lite 5G NE,Xiaomi,6,128,4300,108,20,6.55,53000
Oppo A93,OPPO,8,128,4000,48,16,6.43,27000
Infinix Hot 20 5G,Infinix,6,,5000,,,6.6,20000
Xiaomi 11T Pro,Xiaomi,8,128,5000,108,16,6.6,65000
Xiaomi Poco M3 Pro 5G,Xiaomi,6,128,5000,48,8,6.5,25500
Xiaomi 11 Lite 5G NE,Xiaomi,6,128,4250,64,20,6.55,37500
Xiaomi Poco M3,Xiaomi,4,128,6000,48,8,6.53,18500
Poco C40,Xiaomi,3,32,6000,13,5,6.7,16500
Xiaomi Poco M4 5G,Xiaomi,4,,5000,,,6.5,27500
Tecno Camon 18i,Tecno,4,128,5000,48,8,6.6,20700
Tecno Spark 8P,Tecno,4,64,5000,50,8,6.6,17500
Tecno Spark 8T,Tecno,4,64,5000,50,8,6.6,15161
Tecno Pop 5P,Tecno,2,32,5000,8,5,6.52,11500
Tecno Pop 5,Tecno,1,16,4000,5,5,6,9700
Tecno POP 3,Tecno,1,16,3500,8,5,5.7,8800
Tecno POP 4 Pro,Tecno,1,16,5000,8,8,6.52,10200
Samsung Galaxy Watch 3,Samsung,1,,,,,,30000
Samsung Galaxy M10,Samsung,3,32,3400,13,5,6.22,14800
Samsung Galaxy M51,Samsung,6,128,7000,64,32,6.7,42500
Samsung Galaxy A22 5G,Samsung,6,128,5000,48,8,6.6,29000
Samsung Galaxy A3 Core,Samsung,1,16,2600,8,8,5,8999
Samsung Galaxy Tab A7,Samsung,3,32,7040,8,5,,27500
Infinix Note 11 Pro,Infinix,8,,5000,,,6.95,28000
Xiaomi Mi 11 Lite,Xiaomi,8,128,4250,64,16,6.55,36500
Tecno Spark 5 Pro,Tecno,3,64,5000,16,8,6.6,14400
Samsung Galaxy A21,Samsung,3,32,4000,16,13,6.4,22500
Samsung Galaxy A31,Samsung,4,128,5000,48,20,6.4,22000
Infinix Note 12 Pro,Infinix,8,256,5000,108,16,6.7,28000
Vivo Y77,Vivo,8,128,5000,50,16,6.5,23000
Vivo Y30 5G,Vivo,6,128,5000,50,8,6.5,30500
Vivo Y33e,Vivo,4,128,5000,13,8,6.5,23500
Tecno Pova 4,Tecno,4,64,7000,16,8,6,26500
Samsung Galaxy Tab S8 FE,Samsung,6,128,8000,13,12,,
Tecno Pova Neo 2,Tecno,4,64,7000,16,8,6,26500
Oppo Reno 7 4G,OPPO,8,,4500,,,6.43,40000
Huawei P50 Pro,Huawei,12,256,4360,50,13,6.6,90500
Nokia G60 5G,Nokia,4,64,4500,50,8,6.5,17800
Lenovo K320t,Lenovo,2,16,3000,8,8,5.7,14000
Samsung Galaxy Z Fold 2,Samsung,12,256,4500,12,10,7.6,165000
Xiaomi Mix Fold 2,Xiaomi,12,256,4500,50,20,,170000
Vivo Y75s,Vivo,8,128,5000,64,16,6.5,27000
Oppo Reno8 Z,OPPO,8,128,4500,64,16,6.43,40000
Samsung Galaxy Xcover6 Pro,Samsung,6,128,4050,50,13,6.6,
Samsung Galaxy A23 5G,Samsung,4,64,5000,50,8,6.6,32500
Oppo K10 Pro,OPPO,8,128,5000,50,16,6.62,35000
Oppo K10 5G,OPPO,8,128,5000,,,6.56,35000
Oppo A55s,OPPO,6,128,5000,13,8,6.5,24300
Oppo A16e,OPPO,3,32,4230,13,5,6.52,21500
Xiaomi Civi 1S,Xiaomi,8,128,4000,64,32,6.55,85500
Nokia C100,Nokia,3,32,4000,8,5,5.45,
Nokia C200,Nokia,3,32,4000,13,8,6,
Xiaomi Black Shark 5 RS,Xiaomi,8,,4500,,,67,85500
Oppo K10,OPPO,6,128,5000,,,5.9,35000
Infinix Hot 12 Pro,Infinix,6,,5000,,,6.6,20000
Nokia X100,Nokia,6,128,4470,48,16,6.67,
Nokia G11,Nokia,3,32,5050,13,8,6.5,
Oppo A77 5G,OPPO,6,,5000,,,6.56,26500
Nokia G10,Nokia,4,64,5050,13,8,6.52,15800
Nokia C30 4G,Nokia,3,,6000,,,6,14500
Infinix Hot 11 Play,Infinix,4,64,6000,13,8,6,15800
Nokia C5 Endi,Nokia,3,64,4000,13,8,6.5,18000
Poco X4 GT 5G,Xiaomi,6,128,5000,64,16,6.67,49500
Xiaomi 11i 5G,Xiaomi,6,128,5160,108,16,6.67,41500
Infinix Hot 11s,Infinix,4,64,5000,50,8,6.7,17000
Samsung Galaxy Tab S6 Lite 2022,Samsung,4,64,7040,8,5,,41500
Oppo Reno 8 Lite,OPPO,8,,5000,,,6.43,26500
Realme C31,Realme,3,,5000,,,,
Oppo Reno 8 Pro 5G,OPPO,8,256,4500,50,32,6.7,58920
Tecno POP 3 Plus,Tecno,1,16,4000,8,8,6.52,9800
Nokia 9 PureView,Nokia,6,128,3300,5,20,5.99,56600
Tecno Pouvoir 3,Tecno,2,32,5000,13,13,6.2,12500
Tecno Phantom 9,Tecno,6,,3500,16,32,6.4,24500
Vivo Y15,Vivo,4,64,5000,13,16,6.35,20000
Huawei Y8s,Huawei,4,64,4000,48,8,6.5,19500
Huawei Y5p,Huawei,2,32,3020,8,8,5.45,11500
Huawei Y8p,Huawei,6,128,4000,48,16,6.3,23700
Huawei Y6p,Huawei,3,64,5000,13,8,6.3,17500
Samsung Galaxy F62,Samsung,6,128,7000,64,32,6.7,33500
Huawei Y7a,Huawei,4,128,5000,48,8,6.67,20500
Samsung Galaxy M21s,Samsung,4,64,6000,64,32,6.4,
Oppo A5S,OPPO,2,32,,13,8,6.2,14000
Samsung Galaxy M62,Samsung,8,128,7000,64,32,6.7,46500
Infinix Zero 5 Pro,Infinix,6,,4350,,,5.9,18500
Infinix Note 12 5G,Infinix,6,64,5000,50,16,6.7,25500
Vivo Y19,Vivo,8,128,5000,16,16,6.35,26000
Huawei Nova Y60,Huawei,4,64,5000,13,8,6.6,23500
Huawei Y9s,Huawei,6,128,4000,48,16,6.59,25800
Xiaomi Mi CC9,Xiaomi,6,,,,,,32500
Huawei Y6s,Huawei,3,64,3020,13,8,6,13500
Tecno POP 2F,Tecno,1,16,2400,8,5,5.5,8500
Vivo Y20,Vivo,3,64,5000,13,8,6.5,18500
Huawei P20,Huawei,4,,3400,,,,44500
Huawei P Smart Z,Huawei,4,64,4000,16,16,,32000
Huawei P20 Pro,Huawei,6,,,,,,58500
Honor 8X,Huawei,4,128,3750,20,16,6.5,24500
Huawei Honor 9X,Huawei,4,64,4000,48,16,6.59,25000
Huawei Honor 9X Pro,Huawei,8,128,4000,48,16,6.59,38000
Huawei Enjoy 10s,Huawei,6,64,4000,48,16,6.3,24000
Huawei Enjoy 10,Huawei,6,64,4000,48,8,6.3,25000
Huawei nova 5z,Huawei,6,64,4000,48,32,6.26,25000
Huawei Nova 6,Huawei,8,128,4100,40,32,6.57,38000
Tecno Pouvoir 1,Tecno,1,,,,,,10200
Tecno Pouvoir 2,Tecno,2,16,5000,13,8,6,11500
Oppo A92,OPPO,8,128,5000,48,16,6.5,28500
Tecno Pop 5X,Tecno,2,,4000,,,,
Realme C30,Realme,2,,5000,,,,
Infinix Note 11,Infinix,4,128,5000,50,16,6.7,21900
Vivo V19,Vivo,8,128,4500,48,16,6.44,39500
Samsung Galaxy A90 5G,Samsung,6,128,4500,48,12,6.7,79000
Oppo A74,OPPO,6,128,5000,48,16,6.43,27300
Oppo Reno 6 5G,OPPO,8,,4300,,,6.43,54000
OnePlus Ace Racing,OnePlus,8,,5000,,,6.59,50000
Oppo A94,OPPO,6,128,4310,48,16,6.4,32500
Xiaomi 12S Pro,Xiaomi,12,256,4600,50,32,6.73,95500
Infinix Hot 10i,Infinix,2,32,6000,13,8,6.52,12500
OnePlus Nord N20 5G,OnePlus,6,128,4500,64,16,6.43,31500
Infinix Smart 6 HD,Infinix,2,,5000,,,6.6,
Tecno Camon 16,Tecno,4,128,5000,48,16,6,19500
Samsung Galaxy M01,Samsung,3,32,4000,13,5,5.7,13000
Oppo A95,OPPO,8,128,5000,48,16,6.43,31500
Vivo Y17,Vivo,4,128,5000,13,20,6.35,23300
Tecno Camon 19 NEO,Tecno,8,128,5000,48,32,6,26500
Xiaomi Mi 10i 5G,Xiaomi,6,128,4820,108,20,6.67,35000
Samsung Galaxy A70S,Samsung,6,128,4500,64,32,6.7,30500
Nokia G50,Nokia,4,128,5050,48,8,6.52,19300
Samsung Galaxy A82,Samsung,6,128,4500,64,10,6.7,
Infinix Zero 8,Infinix,8,128,4500,64,48,6,28000
Vivo Y12,Vivo,3,64,5000,13,8,6.35,15500
Samsung Galaxy F52 5G,Samsung,8,128,4500,64,16,6.6,
Infinix Smart HD 2021,Infinix,2,32,5000,8,5,6,10500
Tecno Spark 8,Tecno,3,64,5000,16,8,6.5,13700
Samsung Galaxy A74 5G,Samsung,8,128,5000,108,32,6.7,55000
Tecno Camon 16s,Tecno,4,128,5000,48,8,6.6,17000
Vivo Y1s,Vivo,2,32,4030,13,5,6.22,12500
Vivo Y90,Vivo,2,32,4030,8,5,6.22,12000
Samsung Galaxy M02,Samsung,3,32,5000,13,5,6.5,14500
Xiaomi 12 Ultra,Xiaomi,12,256,5000,50,20,6,
Oppo F21 Pro,OPPO,8,,4500,,,6.43,54000
Oppo Reno 7 Lite,OPPO,6,,5000,,,6.56,26500
Oppo Reno 8 Pro Plus,OPPO,8,256,4500,50,32,6.55,58920
Tecno Camon 18T,Tecno,4,128,5000,48,48,6,22000
OnePlus 8 Pro,OnePlus,8,128,4510,48,16,6.7,62500
OnePlus 8 Pro,OnePlus,12,256,4510,48,16,6.7,70000
Huawei nova 7i P40 Lite,Huawei,8,128,4200,48,16,6.4,31500
Vivo Y12s,Vivo,3,32,5000,13,8,6.5,16400
Vivo V20,Vivo,8,256,4000,48,44,6.44,45500
Vivo X50 Pro,Vivo,8,256,4315,48,32,6.5,75000
Vivo X60 Pro,Vivo,12,256,4200,48,32,6.56,95000
Xiaomi Poco X3 NFC,Xiaomi,6,128,5160,64,20,6.67,30500
Huawei Y5 2019,Huawei,2,32,3020,13,5,5.7,11500
Oppo Reno 8 SE 5G,OPPO,8,128,4500,64,32,6.43,38854
Tecno Pova 2,Tecno,6,128,7000,48,8,6.9,23000
Samsung Galaxy A52 5G,Samsung,8,128,4500,64,32,6.5,53000
OnePlus 7T,OnePlus,8,128,3800,48,16,6.55,60000
Apple i 13 Mini Green,Apple,4,,2227,,,5.4,91000
Apple i 8,Apple,2,,1821,,,,27500
Apple i 6s ,Apple,2,128,1715,12,5,4.7,23500
Apple i 7 ,Apple,2,128,1960,12,7,4.7,29500
Apple i 7 ,Apple,2,265,1960,12,7,4.7,41000
Apple i 7 Plus ,Apple,3,128,2900,12,7,5.5,38999
Apple i 7 Plus ,Apple,3,256,2900,12,7,5.5,45500
Apple i 6s 64 ,Apple,2,64,1715,12,5,4.7,23000
Apple i 6S Plus 128 ,Apple,2,128,2750,12,5,5.5,33000
Tecno Pouvoir 4 Pro,Tecno,6,128,6000,16,16,7,21000
OnePlus 8T,OnePlus,8,128,4500,48,16,6.55,57500
Infinix Hot 11 2022,Infinix,4,64,5200,13,8,6.6,13714
Apple i 7 ,Apple,2,32,1960,12,7,4.7,35500
Apple i 6S Plus ,Apple,2,,,,,,18000
Apple iPad Pro 9.7,Apple,2,,,,,,67000
Apple iPad 9.7 2018,Apple,2,,,,,,66000
Apple iPad Pro 9.7,Apple,2,,,,,,66500
Apple iPad Pro 10.5,Apple,4,,,,,,70000
Apple iPad 7th Gen 10.2 inch,Apple,2,32,8827,8,1,,59000
Infinix Hot 10,Infinix,3,64,5200,16,8,6.7,14200
Tecno Spark 6 Air,Tecno,2,32,6000,13,8,7,11500
Tecno Spark 6,Tecno,4,64,6000,16,8,7,13500
Xiaomi 12X,Xiaomi,8,128,4600,50,32,6.2,85500
Oppo Reno 5F,OPPO,8,128,4310,48,32,6.4,29800
Oppo Reno 7 Pro 5G,OPPO,8,256,4500,50,32,6.55,58920
Oppo Reno 7 SE 5G,OPPO,8,128,4500,64,32,6.43,38854
Infinix Smart 5,Infinix,2,32,5000,13,8,6.6,10700
Tecno Camon 17 Pro,Tecno,8,256,5000,64,48,6,29500
Realme Pad Mini,Realme,3,32,6400,8,5,,18500
Samsung Galaxy S20 FE 2022,Samsung,6,128,4500,12,32,6.5,65409
Huawei nova 8 SE 4G,Huawei,8,128,3800,64,16,6.5,36298
Huawei P50E,Huawei,8,128,4100,50,13,6.7,73396
Tecno Pova 5G,Tecno,8,128,6000,,16,6.9,31599
Nokia 5.3,Nokia,6,64,4000,13,8,6.55,18500
Tecno Camon 17P,Tecno,6,128,5000,64,16,6,23500
Xiaomi Mi 10 Pro 5G,Xiaomi,8,256,4500,108,20,6.67,101000
Xiaomi Mi 10 5G,Xiaomi,8,128,4780,108,20,6.67,72000
Xiaomi Mi 10 Lite 5G,Xiaomi,6,64,5000,48,16,6.57,41000
Xiaomi Mi 10T 5G,Xiaomi,6,128,5000,64,20,6.67,50500
Xiaomi Mi 10T Pro 5G,Xiaomi,8,256,5000,108,20,6.67,57000
Xiaomi Poco X2 ,Xiaomi,6,128,4500,64,20,6.67,34000
Xiaomi Mi Note 10 Lite,Xiaomi,6,64,5260,64,16,6.47,33500
Xiaomi Poco C3,Xiaomi,3,32,5000,13,5,6.43,14000
Xiaomi Poco M2 Pro,Xiaomi,4,64,5000,48,16,6.67,25000
Xiaomi Mi 11i,Xiaomi,8,256,4520,108,20,6.67,78000
Xiaomi Mi 11,Xiaomi,8,128,4600,108,20,6,93500
Xiaomi Mi Mix Fold 5G,Xiaomi,12,512,5000,108,20,,170000
Xiaomi 11i HyperCharge,Xiaomi,6,128,4500,108,16,6.67,45000
Samsung Galaxy Note 10,Samsung,8,256,3500,12,10,6.3,63500
Samsung Galaxy S20 Plus,Samsung,8,128,4500,12,10,6.7,72500
Samsung Galaxy M21,Samsung,4,64,6000,48,20,6.4,24500
Samsung Galaxy F41,Samsung,6,64,6000,64,32,6.5,26500
Samsung Galaxy M31s,Samsung,6,128,6000,64,32,6.5,31500
Oppo A15s,OPPO,4,64,4230,13,8,6.52,19500
Nokia 5.1 Plus Nokia X5,Nokia,3,32,3060,13,8,5,12500
Nokia 7.2,Nokia,6,128,3500,48,20,6.3,30000
Nokia 8.3 5G,Nokia,6,128,4500,64,24,6,53500
Nokia C1 Plus,Nokia,1,16,2500,5,5,5.45,7800
Nokia C01 Plus,Nokia,1,16,3000,5,5,5.45,8000
Tecno Droipad 7F,Tecno,1,16,4000,5,2,6,10500
Tecno F1,Tecno,1,8,2000,5,2,5,6300
Tecno Spark Go 2021,Tecno,2,32,5000,13,8,6.52,11700
Tecno Spark 7,Tecno,3,64,5000,16,8,6.5,12600
Tecno Spark Go 2022,Tecno,2,32,5000,13,8,6.52,
Tecno Camon 17,Tecno,4,128,5000,48,8,6.55,19500
Infinix Hot 10T,Infinix,4,64,5000,48,8,6,15700
Infinix Note 11i,Infinix,4,64,5000,48,16,6.95,18400
Samsung Galaxy A13 5G,Samsung,4,64,5000,50,8,6.4,18986
Oppo A12,OPPO,3,32,4230,13,5,6.22,13500
Infinix Smart 3,Infinix,1,16,3050,13,8,5.5,8700
Nokia C2,Nokia,1,16,2800,5,5,5.7,8200
Nokia C2 2nd Edition,Nokia,1,32,2500,5,2,5.7,8300
Tecno Pova 3,Tecno,6,128,7000,48,8,6.9,23000
Tecno Phantom 11,Tecno,8,256,4700,50,48,6.7,45500
Tecno Pop 5S,Tecno,2,32,3020,5,2,5.7,
Google Pixel 4A 5G,Google Pixel,6,128,,,8,6.2,61999
Oppo Reno 6 Lite,OPPO,6,128,5000,48,16,6.43,
OnePlus Nord N200 5G,OnePlus,4,64,5000,13,8,6.52,16500
OnePlus Nord N100,OnePlus,4,64,5000,13,8,6.52,21500
Infinix Hot 10 Play,Infinix,4,64,6000,13,8,6,14700
Infinix Note 10,Infinix,4,64,5000,48,16,6.95,18000
Oppo A36,OPPO,8,256,5000,13,8,6.56,
Tecno Spark 7P,Tecno,4,64,5000,16,8,6,15900
Nokia C20 4G,Nokia,1,16,3000,5,5,6.52,11000
Nokia 1.4,Nokia,2,32,4000,8,5,6.52,10900
Motorola Moto G20,Motorola,4,64,5000,48,13,6.5,26000
Huawei MatePad T 10,Huawei,2,32,5100,5,2,9.7,21500
Huawei MatePad T 10s,Huawei,4,64,5100,5,2,,27000
HTC Desire 21 Pro 5G,HTC,8,128,5000,48,16,6.7,33000
HTC Desire 20 Pro,HTC,6,128,5000,48,25,6.5,27500
Nokia G400,Nokia,4,64,4470,16,8,6.52,
Nokia G100,Nokia,4,64,4470,16,8,6.52,
Lenovo K8 Note,Lenovo,3,,4000,,,5.5,14500
Realme GT 2 Pro,Realme,8,128,5000,50,32,6.7,
Tecno Spark 8 Pro,Tecno,4,64,5000,48,8,6,
Tecno Tab 4G P704A,Tecno,2,32,5000,5,5,7,15000
Tecno Camon 15 Premier,Tecno,6,128,4000,64,32,6.6,25800
Tecno Camon 15 Air,Tecno,3,64,5000,48,8,6.6,14600
Google Pixel 4a,Google Pixel,6,128,,12,8,5,49000
Samsung Galaxy A71 ,Samsung,8,128,4500,64,32,6.7,43500
Infinix Hot 11,Infinix,4,64,5200,13,8,6.6,18000
Infinix Note 10 Pro,Infinix,8,128,5000,64,16,6.95,26200
Nokia C1,Nokia,1,16,2500,5,5,5.45,7200
Nokia 2.4,Nokia,2,32,4500,13,5,6.4,11700
Nokia 3.4,Nokia,4,64,4000,13,8,6.39,14000
Samsung Galaxy A42 5G,Samsung,6,128,5000,48,20,6.6,39999
Samsung Galaxy S10 Lite,Samsung,6,128,4500,48,32,6.7,49000
Samsung Galaxy M02s,Samsung,4,64,5000,13,5,6.5,18500
Samsung Galaxy A02s,Samsung,3,32,5000,13,5,6.5,14000
Tecno POP 4,Tecno,2,32,5000,8,5,5.7,9600
Tecno Pop 5C,Tecno,1,16,2400,5,2,5,10600
Realme C12,Realme,3,64,6000,13,5,6.5,15500
OnePlus 10,OnePlus,12,256,4500,48,16,6.55,
Infinix Note 11S,Infinix,4,64,5000,48,16,6.95,
Huawei Y7 Prime 2019,Huawei,3,32,4000,13,16,6.2,15700
Oppo Reno 4,OPPO,8,128,4015,48,32,6.43,40000
Huawei Y7 Prime 2019,Huawei,3,64,4000,13,16,6.2,15000
Nokia 3.1 C,Nokia,2,16,2990,8,5,5.45,17500
Motorola Moto G30,Motorola,4,64,5000,64,13,6.5,30000
Nokia G300,Nokia,4,64,4470,16,8,6.52,
OnePlus 8,OnePlus,12,256,4300,48,16,6.55,73000
Samsung Galaxy M42 5G,Samsung,6,128,5000,48,20,6.6,34000
Realme 7i,Realme,8,128,5000,64,16,6.5,24500
Huawei Mate 20 X,Huawei,6,128,4200,40,24,7.2,64000
Tecno Spark Go 2020,Tecno,2,32,5000,13,8,6.52,10500
Xiaomi Mi 9T,Xiaomi,6,128,4000,48,20,6.39,29500
Oppo A31 ,OPPO,4,64,4230,12,8,6.4,18200
Huawei P8 Lite 2017,Huawei,3,,,,,,20000
Realme 8,Realme,4,64,5000,64,16,6.4,
Oppo A73,OPPO,6,128,4000,16,16,6.44,24000
Tecno Spark 4 2020,Tecno,2,32,4000,13,8,6.52,11500
Tecno Camon 18 Pro,Tecno,8,256,5000,64,48,6,28800
Huawei P40 Pro,Huawei,8,256,4200,50,32,6.5,98000
Huawei P30 Pro,Huawei,8,128,4200,40,32,6.47,74000
Oppo A11s,OPPO,4,128,5000,48,16,6.5,
Samsung Galaxy S10,Samsung,8,128,3400,12,10,6,58500
Oppo F17 Pro,OPPO,8,128,4015,48,16,6.43,33000
Oppo Reno 6 4G,OPPO,8,128,4310,64,44,6.4,38500
Huawei Mate 30 Pro,Huawei,8,256,4500,40,32,6.53,69500
Realme X2 Pro,Realme,8,128,4000,64,16,6.5,51500
Xiaomi Mi 9T,Xiaomi,6,64,4000,48,20,6.39,30000
Tecno Pouvoir 4,Tecno,3,32,6000,13,8,7,14700
OnePlus 7 + 12 ,OnePlus,12,256,3700,48,16,6.6,52500
Tecno Spark 7T,Tecno,4,64,6000,48,8,6.5,13500
Infinix S5,Infinix,4,64,4000,16,32,6.6,16400
Realme X2 + ,Realme,8,128,4000,64,32,6.4,31000
Samsung Galaxy J2 Core 2020,Samsung,1,16,2600,5,5,5,10499
Samsung Galaxy A70,Samsung,6,128,4500,32,32,6.7,33000
Samsung Galaxy Z Flip,Samsung,8,256,3300,12,10,6.7,107000
Huawei nova 7 SE,Huawei,8,128,4000,64,16,6.5,39000
Infinix Note 7,Infinix,6,128,5000,48,16,6.95,21000
Tecno Camon 16 Pro,Tecno,6,128,5000,64,16,6,20600
Tecno Camon 15 Pro,Tecno,6,128,4000,48,32,6.53,25000
TECNO Spark 5 Air,Tecno,2,32,5000,13,8,7,12000
Infinix Note 8i,Infinix,4,64,5200,48,8,6.7,16500
Huawei Mate 40 Pro,Huawei,8,256,4400,50,13,6.76,103000
Samsung Galaxy S8,Samsung,4,,3000,,,,41500
Infinix Hot 10 Lite,Infinix,2,32,5000,13,8,6.6,11499
OnePlus 9T,OnePlus,12,256,4500,108,16,6.55,
Oppo Reno 2F,OPPO,8,128,4000,48,16,6.53,23500
Infinix Note 8,Infinix,6,128,5200,64,16,6.95,21800
Xiaomi Mi 9T Pro,Xiaomi,6,128,4000,48,20,6.3,35000
Infinix Zero X,Infinix,8,128,5000,64,16,6.95,25000
Huawei Mate 20 Pro,Huawei,6,128,4200,40,24,6.39,59500
Xiaomi Mi Note 10 Pro,Xiaomi,8,256,5260,108,32,6.47,55500
Nokia C20 Plus,Nokia,3,32,5000,5,5,6.52,
Huawei Nova 5 Pro,Huawei,8,,3500,,,6.39,48000
Tecno Spark 7 Pro,Tecno,4,64,5000,48,8,6.6,
Tecno Camon 16 Premier,Tecno,8,128,4500,64,48,6.9,28000
Infinix Hot 10s,Infinix,4,64,6000,48,8,6,17000
Nokia 2.3,Nokia,2,32,4000,13,5,6.2,12000
Samsung Galaxy Tab S6,Samsung,6,128,7040,13,8,,68000
OnePlus 7T,OnePlus,8,256,3800,48,16,6.55,58500
Nokia C3,Nokia,2,16,3040,8,5,5.99,11300
Infinix Hot 9 Play,Infinix,2,32,6000,13,8,6.6,13300
Huawei P30 Lite New edition,Huawei,6,128,3340,48,,6,24500
Samsung Galaxy A50,Samsung,4,128,4000,25,25,6.4,27300
Realme C25,Realme,4,64,6000,48,8,6.5,
Realme C21,Realme,4,64,5000,13,5,6.5,
Oppo F19 Pro Plus,OPPO,8,128,4500,64,32,6.4,
Oppo F19 Pro,OPPO,6,128,4310,48,16,6.4,
Nokia 3.2,Nokia,2,16,4000,13,5,6.2,11500
Tecno Camon 12 Pro,Tecno,6,64,3500,16,32,6.35,17000
Tecno POP 2 Power,Tecno,1,16,4000,8,5,5.5,7400
Tecno Spark 4,Tecno,2,32,4000,13,8,6.52,11500
Tecno POP 2 Plus,Tecno,1,16,5000,5,8,6,7800
OnePlus 7 Pro,OnePlus,8,256,4000,48,16,6.6,65000
OnePlus 7T Pro,OnePlus,8,256,4085,48,16,6.67,72000
OnePlus 7T Pro McLaren,OnePlus,12,256,4085,48,16,6.67,65000
Nokia 1 Plus,Nokia,1,8,2500,8,5,5.4,8300
Samsung Galaxy Tab S5E,Samsung,4,64,7040,13,8,,52500
Samsung Galaxy S9 Plus ,Samsung,4,,3500,,,6.2,43500
Samsung Galaxy Note 9 ,Samsung,6,128,4000,12,8,6.4,57500
Samsung Galaxy M20,Samsung,3,32,5000,13,8,6.3,18500
Samsung Galaxy M20,Samsung,4,64,5000,13,8,6.3,18500
Samsung Galaxy S10e,Samsung,6,128,3100,12,10,5,52500
Samsung Galaxy A2 Core,Samsung,1,16,2600,8,8,5,8500
Tecno Pouvoir 3 Air,Tecno,1,16,5000,8,8,6,9000
Nokia 2.2,Nokia,2,16,3000,13,5,5.7,9600
Samsung Galaxy Fold,Samsung,12,512,4235,12,10,7.3,160000
Samsung Galaxy A41,Samsung,4,64,3500,48,25,6,26500
Infinix Note 6,Infinix,4,,,,,,17800
Infinix S5 lite,Infinix,3,32,4000,16,16,6.6,13300
Infinix Hot 8 Lite,Infinix,2,32,5000,8,8,6.6,10700
Infinix S5 Pro,Infinix,4,64,4000,48,16,6.53,17500
Oppo Reno5 Lite,OPPO,8,128,4220,48,44,6.43,
Samsung Galaxy S8 Plus ,Samsung,4,64,3500,,,6.2,39000
Samsung Galaxy A50s,Samsung,4,128,4000,48,32,6.4,26500
Samsung Galaxy A20s,Samsung,3,32,4000,13,8,6.5,17200
Samsung Galaxy M30s,Samsung,4,64,6000,48,16,6.4,22000
Infinix Zero 8i,Infinix,8,128,4500,48,16,6,25500
Nokia 4.2,Nokia,3,32,3000,13,8,5.7,16000
Infinix Hot 9 Pro,Infinix,4,64,5000,48,8,6.6,14500
Xiaomi Mi Note 10,Xiaomi,6,128,5260,108,32,6.47,47500
Realme C3,Realme,3,64,5000,12,8,6.5,13800
Samsung Galaxy A01 Core,Samsung,1,8,3000,8,5,5,10500
Samsung Galaxy S9 ,Samsung,4,,3000,,,,41500
Samsung Galaxy S9 Plus ,Samsung,4,,3500,,,,44500
Realme 5 Pro ,Realme,4,128,4035,48,16,6.3,21300
Realme XT,Realme,4,64,4035,48,16,6.3,25000
Realme 5 + ,Realme,4,128,5000,12,13,6.5,19000
Realme 5 + ,Realme,3,64,5000,12,13,6.5,16500
Realme 5 Pro ,Realme,8,128,4035,48,16,6.3,27500
OnePlus 6T,OnePlus,6,128,3700,20,16,6.4,59500
OnePlus 6T McLaren edition,OnePlus,10,256,3700,20,16,6.4,55000
Tecno T352  ,Tecno,0.128,,1000,,,,2499
Tecno T466 ,Tecno,0.128,,3000,,,,2499
Itel A14,itel,0.512,8,1500,2,0,6.52,5199
Samsung Galaxy Watch Active,Samsung,0.768,,,,,,18500
Samsung Galaxy Watch Active 2,Samsung,0.768,,,,,,21500
Nokia 8000 4G,Nokia,0.512,4,1500,2,,2.4,
Nokia 800 Tough,Nokia,0.512,4,2100,2,,2.4,11200
Itel 2166 ,itel,0.004,0.004,,,,,2099
Itel 2176  ,itel,0.004,0.004,,,,,2199
Itel 6360 Smart    ,itel,0.032,0.032,,,,2,4500
Xtigi Q15+,Xtigi,0.064,0.064,,,,,3399
Xtigi Q15,Xtigi,0.064,0.064,,,,,2999
Xtigi Q1 Single ,Xtigi,0.032,0.032,,,,,3599
Xtigi S23,Xtigi,0.032,0.032,,,,,3099
Itel 5615 ,itel,0.004,0.004,,,,,2599
Xtigi L125  ,Xtigi,0.032,0.032,,,,,1999
iTel it2163  ,itel,0.004,0.004,,,,,1500
SQ 2000 Mini  ,SQ,0.032,0.032,38000,,,,2999
Xtigi Q7 Plus  ,Xtigi,0.064,0.064,,,,,3000
Xtigi Q10  ,Xtigi,0.064,0.064,,,,,3599
SQ SQ7700 Quad   ,SQ,0.032,0.032,10000,,,,3999
SQ 1020s  ,SQ,0.032,0.032,1350,,,,1999
SQ 1000 Power bank ,SQ,0.032,0.032,20000,,,,3999
SQ S15 Mini  ,SQ,0.032,0.032,3000,,,,1999
Tecno T201  ,Tecno,0.032,0.032,,,,,2199
Tecno T101  ,Tecno,0.032,0.032,,,,,1999
Xtigi 3308 Super Tiny  ,Xtigi,0.032,0.032,520,,,,2299
Nokia 5310,Nokia,0.008,0.016,,,,,6599
Tecno T528 ,Tecno,0.008,0.016,,,,,3299
Xtigi 3307 Super Tiny  ,Xtigi,0.032,0.032,520,,,,2199
Guava  ,Guava,0.032,0.064,,,,,1299
Luxus    ,Luxus,0.004,0.004,,,,,1499
Nokia 2660 Flip,Nokia,0.048,0.128,1450,0,,2,10000
Nokia 6310,Nokia,0.008,0.016,1150,,,2,6400
Nokia 5310,Nokia,0.008,0.016,1200,,,2.4,5800
Nokia 110 2022,Nokia,0.004,0.032,1000,,,,10000
Nokia 2760 Flip,Nokia,0.004,0.512,1450,5,,2,10000
Nokia 3310 2017,Nokia,0.016,0.016,1200,2,,2.4,5500
OPPO A3s,OPPO,2,,4230,,,6.20079075,19700
Xtigi S56  ,Xtigi,0.512,0.512,,,,1.7716545,2199
Nokia 106  ,Nokia,0.004,0.004,800,,,1.79921357,1999
Itel 5621  ,itel,0.064,0.064,,,,2.79921411,2699
Nokia 106 Single ,Nokia,0.004,0.004,800,,,1.79921357,2499
Xtigi S50  ,Xtigi,0.512,0.512,,,,1.7716545,2199
Itel 5606  ,itel,0.056,0.056,2500,,,1.79921357,1999
Itel 5626 ,itel,0.008,0.008,,,,2.79921411,3699
Oking ,Oking,0.032,0.032,,,,1.7716545,1299
Tecno T402  ,Tecno,0.004,0.004,,,,2.4015761,2999
Nokia 6310 2021,Nokia,0.008,0.016,,,,2.79921411,7099
Nokia 105  ,Nokia,0.004,0.004,,,,1.79921357,2199
Nokia 105 Single ,Nokia,0.004,0.004,,,,1.79921357,2199
Tecno T663  ,Tecno,0.008,0.016,,,,1.7716545,5499
